Accession|GIP1_GI1|Amp1,6:1983,1977,GIP14GI1_1_LEFT,ATGATGATGGCGTCAAAAGAC,GIP1GI1_1_RIGHT,CAGGAGCATTGGTGGTGATGAC,1
Accession|GIP1_GI1|Amp2,1782:5519,3737,GIP4GI4_2_LEFT,AGAGGCTGTGGATCATTGGGAT,GIPNA2GI1_3_RIGHT,ATTAACTTGTCCAGCAGTCGCG,2
Accession|GIP1_GI1|Amp3,4944:6779,1835,GIP1GI1_4_LEFT,CTCAAACCAACAAGGCCTGACA,GIP14GI1_4_RIGHT,AAGATTCCGACCGGTATCAGGG,1
Accession|GIP2_GI2|Amp1,18:2052,2034,GIP2GI2_1_LEFT,TCGAAAGACGTCGTTGCAACTA,GIP2GI2_1_RIGHT,AGTAGACCAAGAAGTCGACCCG,1
Accession|GIP2_GI2|Amp2,1801:3713,1912,GIP2GI2_2_LEFT,GGGACGGTTATCATGGTGAGGA,GIP2GI2_2_RIGHT,TCCTGGGATGGTTCCAAGATCC,2
Accession|GIP2_GI2|Amp3,3451:5329,1878,GIP2GI2_3_LEFT,ACAGGGCTGGTGAGTTTACTCT,GIP2GI2_3_RIGHT,TCTCCTGTCCACAAACCAAGGT,1
Accession|GIP2_GI2|Amp4,5081:6968,1887,GIP2GI2_4_LEFT,ACAAATCTACTGGACTAGAGGACCC,GIP2GI2_4_RIGHT,TCCCACAGGCTTGAGCTGATAA,2
Accession|GIP3_GI3|Amp1,6:1825,1819,GVII_1_LEFT,ATGATGATGGCGTCTAACGAC,GIP3GI3_1_RIGHT,CCGTCCCAGTGGTCTATGGATT,1
Accession|GIP3_GI3|Amp2,1573:3443,1870,GIP3GI3_2_LEFT,GTAGTGCCGACCCACACATAGT,GIP3GI3_2_RIGHT,TTCCTTAGCCCCAGGTGGTATG,2
Accession|GIP3_GI3|Amp3.1,3192:5179,1987,GIP3GI3_3_LEFT,CAAGAAGAACGGCGCCAACTAG,GIP3GI3_3_RIGHT,TGTGAATGTGGGACCAGTGTCT,1
Accession|GIP3_GI3|Amp3.2,3192:5332,2140,GIP3GI3_3_LEFT,CAAGAAGAACGGCGCCAACTAG,GIP10GI1_4_RIGHT,GAAGCGCATCCAGCGGAACAT,1
Accession|GIP3_GI3|Amp3.3,3192:5366,2174,GIP3GI3_3_LEFT,CAAGAAGAACGGCGCCAACTAG,GIPNA1GI1_3_RIGHT,ATTGCGATCTCCTGTCCACAGA,1
Accession|GIP3_GI3|Amp4.1,4928:6862,1934,GIP3GI3_4_LEFT,AGAATTTGACCCAATAAGGTTGACACA,GIP3GI3_4_RIGHT,ACATAATGTAAGAGGGCGGCCT,2
Accession|GIP3_GI3|Amp4.2,4928:7062,2134,GIP3GI3_4_LEFT,AGAATTTGACCCAATAAGGTTGACACA,GIP3GI3_5_RIGHT,TCCTGATTCCAAGCCTACGAGC,2
Accession|GIP4_GI4|Amp1,19:2036,2017,GIP4GI4_1_LEFT,CGAAAGACGTCGTTGCAGCTAC,GIP4GI4_1_RIGHT,CAAGAAATCTACCCGCCGACAC,1
Accession|GIP4_GI4|Amp2,1775:3792,2017,GIP4GI4_2_LEFT,AGAGGCTGTGGATCATTGGGAT,GIP4GI4_2_RIGHT,CAGTGTTACCTGACTTCGTGGC,2
Accession|GIP4_GI4|Amp3.1,3546:5294,1748,GIP4GI4_3_LEFT,ATTCTTATCAAGCGTGACTCTGGT,GIP10GI1_4_RIGHT,GAAGCGCATCCAGCGGAACAT,1
Accession|GIP4_GI4|Amp3.2,3546:5476,1930,GIP4GI4_3_LEFT,ATTCTTATCAAGCGTGACTCTGGT,GIP4GI4_3_RIGHT,CCAGCCACAGGGTCAATAGGTA,1
Accession|GIP4_GI4|Amp4.1,5176:6962,1786,GIP4GI4_4_LEFT,CCCTTCATGGTGAGAAGTTTTATAGGA,GIPNA1GI1_4_RIGHT,GGCAGTTCCCACAGGCTTTAAT,2
Accession|GIP4_GI4|Amp4.2,5176:6996,1820,GIP4GI4_4_LEFT,CCCTTCATGGTGAGAAGTTTTATAGGA,GIP4GI4_4_RIGHT,ATCTACGGACACCAAGCCTACC,2
Accession|GIP5_GI5|Amp1,4868:6783,1915,GIP5GI5_4_LEFT,TCTGCATGGGATTCAACACAAA,GIP5GI5_4_RIGHT,TTATCTTCTAACTCCAAGCCT,2
Accession|GIP6_GI6|Amp1,18:2147,2129,GIP2GI2_1_LEFT,TCGAAAGACGTCGTTGCAACTA,GIP6GI6_1_RIGHT,ACCCTGTGGTGCAATTTCCATC,1
Accession|GIP6_GI6|Amp2.1,1801:3867,2066,GIP2GI2_2_LEFT,GGGACGGTTATCATGGTGAGGA,GIP6GI6_2_RIGHT,TTTCGTGCCCAGCATAATGACC,2
Accession|GIP6_GI6|Amp2.2,1887:3867,1980,GIP6GI6_2_LEFT,ACACTCAACTGTGACCGAATAGAGA,GIP6GI6_2_RIGHT,TTTCGTGCCCAGCATAATGACC,2
Accession|GIP6_GI6|Amp3.1,3612:5287,1675,GIP6GI6_3_LEFT,AAGATACAGGGTCGGTTGGTCC,GIP10GI1_4_RIGHT,GAAGCGCATCCAGCGGAACAT,1
Accession|GIP6_GI6|Amp3.2,3612:5444,1832,GIP6GI6_3_LEFT,AAGATACAGGGTCGGTTGGTCC,GIP6GI6_3_RIGHT,AGCTGTATTAACCTCCGGCACT,1
Accession|GIP6_GI6|Amp4,5182:6983,1801,GIP6GI6_4_LEFT,GGGAAAAGTTTTACAGGAAAATTTCAGGT,GIP6GI6_4_RIGHT,TTATATGCGCCGAAGACCAAGC,2
Accession|GIP7_GI7|Amp1.1,4868:5595,727,GIP7GI7_4_LEFT,ACAGCTTGGGACTCAACCCAAA,GIP10GI1_4_RIGHT,GAAGCGCATCCAGCGGAACAT,1
Accession|GIP7_GI7|Amp2.1,5531:7252,1721,GIP3GI3_5_LEFT,CATTCAAGAAGTCAAGGAGGGGG,GIPNA1GI1_4_RIGHT,GGCAGTTCCCACAGGCTTTAAT,2
Accession|GIP7_GI7|Amp2.2,5531:7288,1757,GIP3GI3_5_LEFT,CATTCAAGAAGTCAAGGAGGGGG,GIP7GI7_4_RIGHT,TTATACCCTTCTCACACCAAGC,2
Accession|GIP8_GI8|Amp1.1,4856:5595,739,GIP8GI8_4_LEFT,GATGCTGATTACACTGCTTGGG,GIP10GI1_4_RIGHT,GAAGCGCATCCAGCGGAACAT,1
Accession|GIP8_GI8|Amp1.2,4856:7300,2444,GIP8GI8_4_LEFT,GATGCTGATTACACTGCTTGGG,GIP8GI8_4_RIGHT,TTATGATCTCCTGAGACCAAGC,1
Accession|GIP9_GI9|Amp1,6:2039,2033,GVII_1_LEFT,ATGATGATGGCGTCTAACGAC,GIP9GI9_1_RIGHT,CACCGGTCCAAGATTGACGAAG,1
Accession|GIP9_GI9|Amp2,1777:3711,1934,GIP9GI9_2_LEFT,GTAAAGTCGGATTGGTGCCCAG,GIP9GI9_2_RIGHT,TTCCTTTTGCATTTGCCCCTGT,2
Accession|GIP9_GI9|Amp3.1,3464:5125,1661,GIP9GI9_3_LEFT,AGCAATACATAGGGTCGGAGAGT,GIP14GI1_3_RIGHT,CGGGTCCACCAAAGTTGTCTTT,1
Accession|GIP9_GI9|Amp3.2,3464:5352,1888,GIP9GI9_3_LEFT,AGCAATACATAGGGTCGGAGAGT,GIP9GI9_3_RIGHT,CTGCCCACAAGCTCAGATCATG,1
Accession|GIP9_GI9|Amp4,5104:6906,1802,GIP9GI9_4_LEFT,AAAGACAACTTTGGTGGACCCG,GIP9GI9_4_RIGHT,ACGTCACAAAGCCCTCAGGATA,2
Accession|GIP10_GI10|Amp1,4853:5599,746,GIP10GI1_4_LEFT,TTTGATGCTGATTACACGGCC,GIP10GI1_4_RIGHT,GAAGCGCATCCAGCGGAACAT,1
Accession|GIP11_GI11|Amp1,4901:5554,653,GIP11GI1_4_LEFT,ATGACTGAATCATTCTCACTCA,GIP11GI1_4_RIGHT,TTCAAGGCCCCCTGTCTTAATC,1
Accession|GIP12_GI12|Amp1,19:2188,2169,GIP4GI4_1_LEFT,CGAAAGACGTCGTTGCAGCTAC,GIP12GI1_1_RIGHT,AATGGTGTGTTGCCTTGGTTGT,1
Accession|GIP12_GI12|Amp2.1,1927:3772,1845,GIP12GI1_2_LEFT,AGGGACTCCAGTTTGTGTCTGA,GIPNA2GI1_2_RIGHT,CGCATGAACACCACAGACTACC,2
Accession|GIP12_GI12|Amp2.2,1927:3869,1942,GIP12GI1_2_LEFT,AGGGACTCCAGTTTGTGTCTGA,GIP12GI1_2_RIGHT,TCCAGCGTAGTGGCCTTTATCA,2
Accession|GIP12_GI12|Amp3,3621:5300,1679,GIP12GI1_3_LEFT,AAGATACAGGGGCGACTAGTCC,GIP10GI1_4_RIGHT,GAAGCGCATCCAGCGGAACAT,1
Accession|GIP12_GI12|Amp4,5119:6906,1787,GIP12GI1_4_LEFT,ATGAAACCCTGATACCCCACCC,GIP9GI9_4_RIGHT,ACGTCACAAAGCCCTCAGGATA,2
Accession|GIP13_GI13|Amp1,4922:5576,654,GIP13GI1_4_LEFT,ATGTGCAAACTTACCGCTAACC,GIP13GI1_4_RIGHT,CCTGCCACCCAGGAATATAAAT,1
Accession|GIP14_GI14|Amp1,6:1973,1967,GIP14GI1_1_LEFT,ATGATGATGGCGTCAAAAGAC,GIP14GI1_1_RIGHT,AGAGACGAACTGCATGCCTTTG,1
Accession|GIP14_GI14|Amp2,1718:3568,1850,GIP14GI1_2_LEFT,TGGTAAAACAAAAGCTGCTGAGC,GIP14GI1_2_RIGHT,CCCTCTGAGCATCCTTCTTCCA,2
Accession|GIP14_GI14|Amp3,3315:5131,1816,GIP14GI1_3_LEFT,CACATTAGCTTTGAGGCCCCTC,GIP14GI1_3_RIGHT,CGGGTCCACCAAAGTTGTCTTT,1
Accession|GIP14_GI14|Amp4,4871:6906,2035,GIP14GI1_4_LEFT,TCAGTCACAATCCTACTTCTCCTTCT,GIP9GI9_4_RIGHT,ACGTCACAAAGCCCTCAGGATA,2
Accession|GIPNA1_GI1|Amp1,18:2163,2145,GIPNA1GI1_1_LEFT,TCGAAAGACGTCGTTGCGACTA,GIPNA1GI1_1_RIGHT,GTGGGGCCAAATCCATCTTCAG,1
Accession|GIPNA1_GI1|Amp2,1901:3730,1829,GIPNA1GI1_2_LEFT,CCCACTCACTCTGAATTGTGATAGG,GIPNA1GI1_2_RIGHT,TAAGGAGCTCCACAATCCCCTG,2
Accession|GIPNA1_GI1|Amp3.1,3478:5336,1858,GIPNA1GI1_3_LEFT,GGTTTTCTAAGAAGATCAGGCCCG,GIPNA1GI1_3_RIGHT,ATTGCGATCTCCTGTCCACAGA,1
Accession|GIPNA1_GI1|Amp3.2,3478:5303,1825,GIPNA1GI1_3_LEFT,GGTTTTCTAAGAAGATCAGGCCCG,GIP10GI1_4_RIGHT,GAAGCGCATCCAGCGGAACAT,1
Accession|GIPNA1_GI1|Amp4,5079:6906,1827,GIPNA1GI1_4_LEFT,AGGCAGATCTATTGGACCAGAGG,GIP9GI9_4_RIGHT,ACGTCACAAAGCCCTCAGGATA,2
Accession|GIPNA2_GI1|Amp1.1,6:1825,1819,GVII_1_LEFT,ATGATGATGGCGTCTAACGAC,GIP3GI3_1_RIGHT,CCGTCCCAGTGGTCTATGGATT,1
Accession|GIPNA2_GI1|Amp1.2,6:1860,1854,GVII_1_LEFT,ATGATGATGGCGTCTAACGAC,GIPNA2GI1_1_RIGHT,TCTCAGGGGCAGAGCAATAGAC,1
Accession|GIPNA2_GI1|Amp2,1839:3803,1964,GIPNA2GI1_2_LEFT,GATGTCCTGCTCTGGGATGACT,GIPNA2GI1_2_RIGHT,CGCATGAACACCACAGACTACC,2
Accession|GIPNA2_GI1|Amp3,3541:5336,1795,GIPNA2GI1_3_LEFT,TGGTTCTAGAAGAAGGTTGCCCA,GIP10GI1_4_RIGHT,GAAGCGCATCCAGCGGAACAT,1
Accession|GIPNA2_GI1|Amp4.1,4608:6906,2298,GIP5GI5_4_LEFT,TCTGCATGGGATTCAACACAAA,GIP9GI9_4_RIGHT,ACGTCACAAAGCCCTCAGGATA,2
Accession|GIPNA2_GI1|Amp4.2,5156:6906,1750,GIPNA2GI1_4_LEFT,GAAACTCTGGTTCCACATTCGCA,GIP9GI9_4_RIGHT,ACGTCACAAAGCCCTCAGGATA,2
Accession|GIPNA3_GI1|Amp1.1,4895:5578,683,GIPNA3GI1_4_LEFT,GAGATCATGATGGAGTCCTTCA,GIPNA3GI1_4_RIGHT,GGCCTGCCATCCAGGGATGT,1
Accession|GIPNA3_GI1|Amp1.2,4895:5595,700,GIPNA3GI1_4_LEFT,GAGATCATGATGGAGTCCTTCA,GIP10GI1_4_RIGHT,GAAGCGCATCCAGCGGAACAT,1
Accession|GIPNA2_GI1|Amp1,19:1908,1889,GIP4GI4_1_LEFT,CGAAAGACGTCGTTGCAGCTAC,GIPNA4GI1_1_RIGHT,CACAATTTAGGGTCAAGGGGGC,1
Accession|GIPNA2_GI1|Amp2.1,1658:3652,1994,GIPNA4GI1_2_LEFT,CGTCATAATGATGTGTGGCCCA,GIPNA4GI1_2_RIGHT,CCTGATTGGCCATGAACCAGTC,2
Accession|GIPNA2_GI1|Amp2.2,1924:3652,1728,GIP12GI1_2_LEFT,AGGGACTCCAGTTTGTGTCTGA,GIPNA4GI1_2_RIGHT,CCTGATTGGCCATGAACCAGTC,2
Accession|GIPNA2_GI1|Amp3.1,3402:5264,1862,GIPNA4GI1_3_LEFT,GTTAGGGAATTCTTTGGTGAGCCA,GIPNA4GI1_3_RIGHT,TGGCACATACATTTCCAAGCCC,1
Accession|GIPNA2_GI1|Amp3.2,3402:5297,1895,GIPNA4GI1_3_LEFT,GTTAGGGAATTCTTTGGTGAGCCA,GIP10GI1_4_RIGHT,GAAGCGCATCCAGCGGAACAT,1
Accession|GIPNA2_GI1|Amp4,5015:6906,1891,GIPNA4GI1_4_LEFT,GACGATTTCCAAGGATGCTGCA,GIP9GI9_4_RIGHT,ACGTCACAAAGCCCTCAGGATA,2
Accession|GIIP1_GII1|Amp1.1,6:1852,1846,GIIP17GII17_1_LEFT,TGAATGAAGATGGCGTCTAACGA,GIIPNA3GII4_1_RIGHT,TACACGAGGAAATCAATGCGCC,1
Accession|GIIP1_GII1|Amp1.2,6:2141,2135,GIIP17GII17_1_LEFT,TGAATGAAGATGGCGTCTAACGA,GIIP1GII1_1_RIGHT,AGCAAGCACTTTGTTTCGGTCA,1
Accession|GIIP1_GII1|Amp1.3,45:1852,1807,GIIP1GII1_1_LEFT,GCTAACAGCAACAACGACACCG,GIIPNA3GII4_1_RIGHT,TACACGAGGAAATCAATGCGCC,1
Accession|GIIP1_GII1|Amp1.4,45:2141,2096,GIIP1GII1_1_LEFT,GCTAACAGCAACAACGACACCG,GIIP1GII1_1_RIGHT,AGCAAGCACTTTGTTTCGGTCA,1
Accession|GIIP1_GII1|Amp2.1,1896:3828,1932,GIIP1GII1_2_LEFT,GGCCAACCTGACATGTGGAAAA,GIIP1GII1_2_RIGHT,CAGCCTCCAACACACTTGGTTT,2
Accession|GIIP1_GII1|Amp2.2,1896:3895,1999,GIIP1GII1_2_LEFT,GGCCAACCTGACATGTGGAAAA,GIIP12GII12_2_RIGHT,GCCTGCGCAAATGACCATTTTT,2
Accession|GIIP1_GII1|Amp3.1,3346:5081,1735,GIIPNA3GII4_3_LEFT,CCATGAAGATCCAAGGTCGCAC,GIIP34GIX1_3_RIGHT,AAAACTGGGAGCCAGATTGC,1
Accession|GIIP1_GII1|Amp3.2,3346:5391,2045,GIIPNA3GII4_3_LEFT,CCATGAAGATCCAAGGTCGCAC,GIIP1GII1_3_RIGHT,CCCGCCGGCATAACCATTATAC,1
Accession|GIIP1_GII1|Amp3.3,3567:5081,1514,GIIP1GII1_3_LEFT,CTTGAGGGCGGAGATGACAAAG,GIIP34GIX1_3_RIGHT,AAAACTGGGAGCCAGATTGC,1
Accession|GIIP1_GII1|Amp3.4,3567:5391,1824,GIIP1GII1_3_LEFT,CTTGAGGGCGGAGATGACAAAG,GIIP1GII1_3_RIGHT,CCCGCCGGCATAACCATTATAC,1
Accession|GIIP1_GII1|Amp3.5,3591:5081,1490,GIIP15GVIII_3_LEFT,GAACATACTGTGGTGCCCCAAT,GIIP34GIX1_3_RIGHT,AAAACTGGGAGCCAGATTGC,1
Accession|GIIP1_GII1|Amp3.6,3591:5391,1800,GIIP15GVIII_3_LEFT,GAACATACTGTGGTGCCCCAAT,GIIP1GII1_3_RIGHT,CCCGCCGGCATAACCATTATAC,1
Accession|GIIP1_GII1|Amp4.1,4872:6661,1789,GIIP1GII1_4_LEFT,TCCCAAAGGCCCATACAGTTGA,GIIP1GII1_4_RIGHT,CCATGGGGGCGAGAGAATAGAA,2
Accession|GIIP1_GII1|Amp4.2,5067:6661,1594,GIIP34GIX1_4_LEFT,GAGGATGGCGTCGAGTGAC,GIIP1GII1_4_RIGHT,CCATGGGGGCGAGAGAATAGAA,2
Accession|GIIP2_GII2|Amp1.1,6:5079,5073,GIIP17GII17_1_LEFT,TGAATGAAGATGGCGTCTAACGA,GIIP32GII10_3_RIGHT,CAAGACTGGGAGCAAGATTGC,1
Accession|GIIP2_GII2|Amp1.2,49:5079,5030,GIIP2GII2_1_LEFT,ACAGCAACAACGACAACACAAA,GIIP32GII10_3_RIGHT,CAAGACTGGGAGCAAGATTGC,1
Accession|GIIP2_GII2|Amp1.3,6:5122,5116,GIIP17GII17_1_LEFT,TGAATGAAGATGGCGTCTAACGA,GIIP17GII17_3_RIGHT,CATCATTAGATGGAGCGGCGTC,1
Accession|GIIP2_GII2|Amp1.4,49:5122,5073,GIIP2GII2_1_LEFT,ACAGCAACAACGACAACACAAA,GIIP17GII17_3_RIGHT,CATCATTAGATGGAGCGGCGTC,1
Accession|GIIP2_GII2|Amp1.5,6:5153,5147,GIIP17GII17_1_LEFT,TGAATGAAGATGGCGTCTAACGA,GIIP2GII2_3_RIGHT,TTGTTACTTTCTGGCACGAGGC,1
Accession|GIIP2_GII2|Amp1.6,49:5153,5104,GIIP2GII2_1_LEFT,ACAGCAACAACGACAACACAAA,GIIP2GII2_3_RIGHT,TTGTTACTTTCTGGCACGAGGC,1
Accession|GIIP2_GII2|Amp2.1,1736:3612,1876,GIIP2GII2_2_LEFT,CAAGGGGAAAGTCTTCGACAGC,GIIP2GII2_2_RIGHT,CTAGGATTGGTGCCCCACAGTA,2
Accession|GIIP2_GII2|Amp2.2,1736:3788,2052,GIIP2GII2_2_LEFT,CAAGGGGAAAGTCTTCGACAGC,GIIP16GII16_2_RIGHT,CCTGGGTTCAGTGAATGGCTTC,2
Accession|GIIP2_GII2|Amp3.1,2874:5079,2205,GIIP2GII2_3_LEFT,GAGAATACAAGGACGCACGGTG,GIIP32GII10_3_RIGHT,CAAGACTGGGAGCAAGATTGC,1
Accession|GIIP2_GII2|Amp3.2,3350:5079,1729,GIIP21GII21_3_LEFT,AGACCAACAAGAAAGCAACGCA,GIIP32GII10_3_RIGHT,CAAGACTGGGAGCAAGATTGC,1
Accession|GIIP2_GII2|Amp3.3,2874:5122,2248,GIIP2GII2_3_LEFT,GAGAATACAAGGACGCACGGTG,GIIP17GII17_3_RIGHT,CATCATTAGATGGAGCGGCGTC,1
Accession|GIIP2_GII2|Amp3.4,3350:5122,1772,GIIP21GII21_3_LEFT,AGACCAACAAGAAAGCAACGCA,GIIP17GII17_3_RIGHT,CATCATTAGATGGAGCGGCGTC,1
Accession|GIIP2_GII2|Amp3.5,2874:5153,2279,GIIP2GII2_3_LEFT,GAGAATACAAGGACGCACGGTG,GIIP2GII2_3_RIGHT,TTGTTACTTTCTGGCACGAGGC,1
Accession|GIIP2_GII2|Amp3.6,3350:5153,1803,GIIP21GII21_3_LEFT,AGACCAACAAGAAAGCAACGCA,GIIP2GII2_3_RIGHT,TTGTTACTTTCTGGCACGAGGC,1
Accession|GIIP2_GII2|Amp4.1,4911:6679,1768,GIIP2GII2_4_LEFT,GCACTGCATGAACCGTCATTTT,GIIP1GII1_4_RIGHT,CCATGGGGGCGAGAGAATAGAA,2
Accession|GIIP2_GII2|Amp4.2,5083:6679,1596,GIIP3GII3_4_LEFT,ATGAAGATGGCGTCGAATGA,GIIP1GII1_4_RIGHT,CCATGGGGGCGAGAGAATAGAA,2
Accession|GIIP2_GII2|Amp4.3,4911:6709,1798,GIIP2GII2_4_LEFT,GCACTGCATGAACCGTCATTTT,GIIP2GII2_4_RIGHT,GAACCCTTCTACGCCCATTTCC,2
Accession|GIIP2_GII2|Amp4.4,5083:6709,1626,GIIP3GII3_4_LEFT,ATGAAGATGGCGTCGAATGA,GIIP2GII2_4_RIGHT,GAACCCTTCTACGCCCATTTCC,2
Accession|GIIP3_GII3|Amp1,4922:5650,728,GIIP3GII3_3_LEFT,ATGGTGAGGTTCTCTGCTGAAC,GIIP3GII3_3_RIGHT,CACAAAACTGGGGGCCAGATTG,1
Accession|GIIP3_GII3|Amp2.1,4855:5671,816,GIIP17GII17_4_LEFT,TGATGCTGATTACTCCCGCTGG,GIIP3GII3_4_RIGHT,ATTGAACTCTTCTACGCCCATT,2
Accession|GIIP3_GII3|Amp2.2,4855:7296,2441,GIIP3GII3_4_LEFT,ATGAAGATGGCGTCGAATGA,GIIP3GII3_4_RIGHT,ATTGAACTCTTCTACGCCCATT,2
Accession|GIIP4_GII4|Amp1.1,4322:5640,1318,GIIP4GII4S_3_LEFT,ATGAGGGACCAGCTGAAACCAT,GIIP34GIX1_3_RIGHT,AAAACTGGGAGCCAGATTGC,1
Accession|GIIP4_GII4|Amp1.2,4322:5900,1578,GIIP4GII4S_3_LEFT,ATGAGGGACCAGCTGAAACCAT,GIIPNA3GII4_3_RIGHT,GATTCAAATCAGGGCCCAAGGG,1
Accession|GIIP4_GII4|Amp1.3,4322:5968,1646,GIIP4GII4S_3_LEFT,ATGAGGGACCAGCTGAAACCAT,GIIP39GII4A_3_RIGHT,ACCTGCACTTCAAAACCACCTG,1
Accession|GIIP4_GII4|Amp1.4,4919:5640,721,GIIP35GII19_3_LEFT,ATGGTTAAATTCTCCCCAGAAC,GIIP34GIX1_3_RIGHT,AAAACTGGGAGCCAGATTGC,1
Accession|GIIP4_GII4|Amp1.5,4919:5900,981,GIIP35GII19_3_LEFT,ATGGTTAAATTCTCCCCAGAAC,GIIPNA3GII4_3_RIGHT,GATTCAAATCAGGGCCCAAGGG,1
Accession|GIIP4_GII4|Amp1.6,4919:5968,1049,GIIP35GII19_3_LEFT,ATGGTTAAATTCTCCCCAGAAC,GIIP39GII4A_3_RIGHT,ACCTGCACTTCAAAACCACCTG,1
Accession|GIIP4_GII4|Amp2.1,5649:7258,1609,GIIP3GII3_4_LEFT,ATGAAGATGGCGTCGAATGA,GIIP36GII4B_4_RIGHT,CTGCGCCCCGTTCCATTTC,2
Accession|GIIP4_GII4|Amp2.2,5649:7271,1622,GIIP3GII3_4_LEFT,ATGAAGATGGCGTCGAATGA,GIIP39GII4A_4_RIGHT,TTATAATGCACGTCTACGCCCC,2
Accession|GIIP5_GII5|Amp1.1,4915:5647,732,GIIP5GII5_3_LEFT,GGAAATAATGGTTAGATTCTCTGC,GIIP34GIX1_3_RIGHT,AAAACTGGGAGCCAGATTGC,1
Accession|GIIP5_GII5|Amp1.2,4915:5726,811,GIIP5GII5_3_LEFT,GGAAATAATGGTTAGATTCTCTGC,GIIP2GII2_3_RIGHT,TTGTTACTTTCTGGCACGAGGC,1
Accession|GIIP5_GII5|Amp2,5652:7272,1620,GIIP5GII5_4_LEFT,ATGGAAATAATGGTTAGATTCTC,GIIP5GII5_4_RIGHT,AAACCTTCTGCGCCCATTC,2
Accession|GIIP6_GII6|Amp1.1,6:5298,5292,GIIP17GII17_1_LEFT,TGAATGAAGATGGCGTCTAACGA,GIIP6GII6_3_RIGHT,ACCAGGTGAGTTCCTTGGTGAA,1
Accession|GIIP6_GII6|Amp1.2,19:5298,5279,GIIP6GII6_1_LEFT,CTAACGACGCTACCTCTGCCTT,GIIP6GII6_3_RIGHT,ACCAGGTGAGTTCCTTGGTGAA,1
Accession|GIIP6_GII6|Amp1.3,40:5298,5258,GIIP7GII7_1_LEFT,CCCTTGGCAGTCAAAACTCTGT,GIIP6GII6_3_RIGHT,ACCAGGTGAGTTCCTTGGTGAA,1
Accession|GIIP6_GII6|Amp2,1751:3757,2006,GIIP6GII6_2_LEFT,GGGGAAGATGTTTGACAGTGATGT,GIIP6GII6_2_RIGHT,CTCATGACTTGCTGCAGGGAAG,2
Accession|GIIP6_GII6|Amp3.1,3510:5298,1788,GIIP6GII6_3_LEFT,GGAGGCAACACTGTCATCTGTG,GIIP6GII6_3_RIGHT,ACCAGGTGAGTTCCTTGGTGAA,1
Accession|GIIP6_GII6|Amp3.2,3588:5298,1710,GIIP15GVIII_3_LEFT,GAACATACTGTGGTGCCCCAAT,GIIP6GII6_3_RIGHT,ACCAGGTGAGTTCCTTGGTGAA,1
Accession|GIIP6_GII6|Amp4.1,4936:6722,1786,GIIP6GII6_4_LEFT,AGGTCAGTAAGATGGTTATCAGTGAGA,GIIP6GII6_4_RIGHT,TATTGAACTCTTCTGCGCCCCT,2
Accession|GIIP6_GII6|Amp4.2,5080:6722,1642,GIIP3GII3_4_LEFT,ATGAAGATGGCGTCGAATGA,GIIP6GII6_4_RIGHT,TATTGAACTCTTCTGCGCCCCT,2
Accession|GIIP7_GII7|Amp1.1,6:1838,1832,GIIP17GII17_1_LEFT,TGAATGAAGATGGCGTCTAACGA,GIIP7GII7_1_RIGHT,GCACGCCTCGAAGTTCACATAA,1
Accession|GIIP7_GII7|Amp1.2,37:1838,1801,GIIP7GII7_1_LEFT,CCCTTGGCAGTCAAAACTCTGT,GIIP7GII7_1_RIGHT,GCACGCCTCGAAGTTCACATAA,1
Accession|GIIP7_GII7|Amp2.1,1563:3423,1860,GIIP7GII7_2_LEFT,ATGAGTGGTGACCAGAGAGTCG,GIIP7GII7_2_RIGHT,TGCCAAGATCCATGTTCTTCGC,2
Accession|GIIP7_GII7|Amp2.2,1751:3423,1672,GIIP6GII6_2_LEFT,GGGGAAGATGTTTGACAGTGATGT,GIIP7GII7_2_RIGHT,TGCCAAGATCCATGTTCTTCGC,2
Accession|GIIP7_GII7|Amp3.1,3171:5147,1976,GIIP7GII7_3_LEFT,CACAAGTCTGGAGAGTTTTGTAGGT,GIIP7GII7_3_RIGHT,TTGATCTCTGGTACGAGGCCTG,1
Accession|GIIP7_GII7|Amp3.2,3588:5147,1559,GIIP15GVIII_3_LEFT,GAACATACTGTGGTGCCCCAAT,GIIP7GII7_3_RIGHT,TTGATCTCTGGTACGAGGCCTG,1
Accession|GIIP7_GII7|Amp3.3,4350:5147,797,GIIP3GII3_3_LEFT,ATGGTGAGGTTCTCTGCTGAAC,GIIP7GII7_3_RIGHT,TTGATCTCTGGTACGAGGCCTG,1
Accession|GIIP7_GII7|Amp4.1,4826:6613,1787,GIIP7GII7_4_LEFT,GCCCAATCATGAGAACCCGTAC,GIIP7GII7_4_RIGHT,TTGGTGGCATGACAATTGGGTT,2
Accession|GIIP7_GII7|Amp4.2,4826:6702,1876,GIIP7GII7_4_LEFT,GCCCAATCATGAGAACCCGTAC,GIIP33GII14_4_RIGHT,TTATTGAATCCTCCTGCGCCCA,2
Accession|GIIP7_GII7|Amp4.3,5080:6613,1533,GIIP3GII3_4_LEFT,ATGAAGATGGCGTCGAATGA,GIIP7GII7_4_RIGHT,TTGGTGGCATGACAATTGGGTT,2
Accession|GIIP7_GII7|Amp4.4,5080:6702,1622,GIIP3GII3_4_LEFT,ATGAAGATGGCGTCGAATGA,GIIP33GII14_4_RIGHT,TTATTGAATCCTCCTGCGCCCA,2
Accession|GIIP8_GII8|Amp1.1,6:2213,2207,GIIP17GII17_1_LEFT,TGAATGAAGATGGCGTCTAACGA,GIIP8GII8_1_RIGHT,ACCGACTCTCATTGTCTCCAGG,1
Accession|GIIP8_GII8|Amp1.2,57:2213,2156,GIIP8GII8_1_LEFT,GCCAACAACAGTGAAAACACTCC,GIIP8GII8_1_RIGHT,ACCGACTCTCATTGTCTCCAGG,1
Accession|GIIP8_GII8|Amp2,1954:3753,1799,GIIP8GII8_2_LEFT,CTCATCTCAAGCTCACACTGGC,GIIP8GII8_2_RIGHT,GCTGAAGTGATGGCCCTTTCTC,2
Accession|GIIP8_GII8|Amp3.1,3474:5078,1604,GIIP8GII8_3_LEFT,AATGACATTGTGGTGGCTGGTG,GIIP18GII18_3_RIGHT,CACCCTCGGGAGCCAGATTG,1
Accession|GIIP8_GII8|Amp3.2,3474:5366,1892,GIIP8GII8_3_LEFT,AATGACATTGTGGTGGCTGGTG,GIIP8GII8_3_RIGHT,CGTGCAAGGTGAGCAAGATAGG,1
Accession|GIIP8_GII8|Amp4.1,4875:6664,1789,GIIP3GII3_4_LEFT,ATGAAGATGGCGTCGAATGA,GIIP8GII8_4_RIGHT,CGGGGGCGAGAGAGTAAAATTG,2
Accession|GIIP8_GII8|Amp4.2,5086:6664,1578,GIIP8GII8_4_LEFT,CAGAGAGCAACCCAGCTAATGG,GIIP8GII8_4_RIGHT,CGGGGGCGAGAGAGTAAAATTG,2
Accession|GIIP11_GII11|Amp1.1,4922:5598,676,GIIP11GII11_3_LEFT,ATGGTGAAGTTTTCTGCTGAGC,GIP10GI1_4_RIGHT,GAAGCGCATCCAGCGGAACAT,1
Accession|GIIP11_GII11|Amp1.2,4922:5608,686,GIIP11GII11_3_LEFT,ATGGTGAAGTTTTCTGCTGAGC,GNA2P1GNA21_3_RIGHT,GAGGTCAGAAAACCGCATCCAG,1
Accession|GIIP11_GII11|Amp1.3,4922:5665,743,GIIP11GII11_3_LEFT,ATGGTGAAGTTTTCTGCTGAGC,GIIP11GII11_3_RIGHT,GACGCCATCTTCATTCACACCA,1
Accession|GIIP11_GII11|Amp2,5652:7295,1643,GIIP11GII11_4_LEFT,ATGAAGATGGCGTCTAGCGAC,GIIP11GII11_4_RIGHT,TCAACGAGCCCGCCTGCGC,2
Accession|GIIP12_GII12|Amp1,45:2230,2185,GIIP1GII1_1_LEFT,GCTAACAGCAACAACGACACCG,GIIP12GII12_1_RIGHT,TCTGGCATGGTCTTGACATCCT,1
Accession|GIIP12_GII12|Amp2.1,1839:3700,1861,GIIP31GII9_2_LEFT,GACTTCCTCGTGTACGCAGAAG,GIVPNA1GIVN_2_RIGHT,AAGCAGGCTCATAGGTACCAGG,2
Accession|GIIP12_GII12|Amp2.2,1971:3700,1729,GIIP12GII12_2_LEFT,GGCTTCGACAAGAACGGAAACA,GIVPNA1GIVN_2_RIGHT,AAGCAGGCTCATAGGTACCAGG,2
Accession|GIIP12_GII12|Amp2.3,1839:3898,2059,GIIP31GII9_2_LEFT,GACTTCCTCGTGTACGCAGAAG,GIIP12GII12_2_RIGHT,GCCTGCGCAAATGACCATTTTT,2
Accession|GIIP12_GII12|Amp2.4,1971:3898,1927,GIIP12GII12_2_LEFT,GGCTTCGACAAGAACGGAAACA,GIIP12GII12_2_RIGHT,GCCTGCGCAAATGACCATTTTT,2
Accession|GIIP12_GII12|Amp3.1,3638:5081,1443,GIIP12GII12_3_LEFT,CAGCACCAAGACTAAATTCTGGAGA,GIIP34GIX1_3_RIGHT,AAAACTGGGAGCCAGATTGC,1
Accession|GIIP12_GII12|Amp3.2,3638:5125,1487,GIIP12GII12_3_LEFT,CAGCACCAAGACTAAATTCTGGAGA,GIIP17GII17_3_RIGHT,CATCATTAGATGGAGCGGCGTC,1
Accession|GIIP12_GII12|Amp3.3,3638:5505,1867,GIIP12GII12_3_LEFT,CAGCACCAAGACTAAATTCTGGAGA,GIIP12GII12_3_RIGHT,CATGGTTATTTGGCCAGGGCTT,1
Accession|GIIP12_GII12|Amp3.4,3759:5081,1322,GIIP37GII4H_3_RIGHT,ATGAGGGACCAGCTGAAACC,GIIP34GIX1_3_RIGHT,AAAACTGGGAGCCAGATTGC,1
Accession|GIIP12_GII12|Amp3.5,3759:5125,1366,GIIP37GII4H_3_RIGHT,ATGAGGGACCAGCTGAAACC,GIIP17GII17_3_RIGHT,CATCATTAGATGGAGCGGCGTC,1
Accession|GIIP12_GII12|Amp3.6,3759:5505,1746,GIIP37GII4H_3_RIGHT,ATGAGGGACCAGCTGAAACC,GIIP12GII12_3_RIGHT,CATGGTTATTTGGCCAGGGCTT,1
Accession|GIIP12_GII12|Amp4.1,4869:6661,1792,GIIP12GII12_4_LEFT,CACTCCCAGAGGCCCATACAAT,GIIP12GII12_4_RIGHT,CCATGGGGGCGAGAGAATAAAAC,2
Accession|GIIP12_GII12|Amp4.2,4869:6684,1815,GIIP12GII12_4_LEFT,CACTCCCAGAGGCCCATACAAT,GIIP5GII5_4_RIGHT,AAACCTTCTGCGCCCATTC,2
Accession|GIIP12_GII12|Amp4.3,5086:6661,1575,GIIP3GII3_4_LEFT,ATGAAGATGGCGTCGAATGA,GIIP12GII12_4_RIGHT,CCATGGGGGCGAGAGAATAAAAC,2
Accession|GIIP12_GII12|Amp4.4,5086:6684,1598,GIIP3GII3_4_LEFT,ATGAAGATGGCGTCGAATGA,GIIP5GII5_4_RIGHT,AAACCTTCTGCGCCCATTC,2
Accession|GIIP13_GII13|Amp1,4922:5647,725,GIIP13GII13_3_LEFT,ATGGTGAGATTTTCTGCTGAGC,GIIP34GIX1_3_RIGHT,AAAACTGGGAGCCAGATTGC,1
Accession|GIIP13_GII13|Amp2,5671:7277,1606,GIIP3GII3_4_LEFT,ATGAAGATGGCGTCGAATGA,GIIP13GII13_4_RIGHT,CTGGATCCTTCTACGCCCAT,2
Accession|GIIP15_GVIII|Amp1,38:2112,2074,GIIP15GVIII_1_LEFT,CTTTGGCAGCCAGAAAGCTACC,GIIP15GVIII_1_RIGHT,CATCCCCCTGCAATTGGAACTC,1
Accession|GIIP15_GVIII|Amp2.1,1751:3483,1732,GIIP6GII6_2_LEFT,GGGGAAGATGTTTGACAGTGATGT,GIIP17GII17_2_RIGHT,CCACAAGGTCATTGCCCCTTTT,2
Accession|GIIP15_GVIII|Amp2.2,1751:3832,2081,GIIP6GII6_2_LEFT,GGGGAAGATGTTTGACAGTGATGT,GIIP15GVIII_2_RIGHT,TTCTTTGCCTCATCGAGAACGC,2
Accession|GIIP15_GVIII|Amp2.3,1868:3483,1615,GIIP15GVIII_2_LEFT,CGAGGCACCAGACATTGAGAAA,GIIP17GII17_2_RIGHT,CCACAAGGTCATTGCCCCTTTT,2
Accession|GIIP15_GVIII|Amp2.4,1868:3832,1964,GIIP15GVIII_2_LEFT,CGAGGCACCAGACATTGAGAAA,GIIP15GVIII_2_RIGHT,TTCTTTGCCTCATCGAGAACGC,2
Accession|GIIP15_GVIII|Amp3,3586:5550,1964,GIIP15GVIII_3_LEFT,GAACATACTGTGGTGCCCCAAT,GIIP15GVIII_3_RIGHT,GACCACGGGTTCCAATTGTCTC,1
Accession|GIIP15_GVIII|Amp4,4971:6753,1782,GIIP15GVIII_4_LEFT,AGTGGTGGTCTGGAATTTTACGTG,GIIP15GVIII_4_RIGHT,TTACTCAAGCATGCGAGCCCTT,2
Accession|GIIP16_GII16|Amp1.1,6:2079,2073,GIIP17GII17_1_LEFT,TGAATGAAGATGGCGTCTAACGA,GIIP16GII16_1_RIGHT,TCCTTTCATGCAGTAGGCCTGA,1
Accession|GIIP16_GII16|Amp1.2,20:2079,2059,GIIP16GII16_1_LEFT,TAACGACGCTACCGTTGCC,GIIP16GII16_1_RIGHT,TCCTTTCATGCAGTAGGCCTGA,1
Accession|GIIP16_GII16|Amp2,1815:3794,1979,GIIP16GII16_2_LEFT,GTCAACTTTGAGGCCTGTTCCA,GIIP16GII16_2_RIGHT,CCTGGGTTCAGTGAATGGCTTC,2
Accession|GIIP16_GII16|Amp3.1,3520:5076,1556,GIIP16GII16_3_LEFT,GAAACACCGTCATCTGTGCCAC,GIIP34GIX1_3_RIGHT,AAAACTGGGAGCCAGATTGC,1
Accession|GIIP16_GII16|Amp3.2,3520:5125,1605,GIIP16GII16_3_LEFT,GAAACACCGTCATCTGTGCCAC,GIIP17GII17_3_RIGHT,CATCATTAGATGGAGCGGCGTC,1
Accession|GIIP16_GII16|Amp3.3,3520:5422,1902,GIIP16GII16_3_LEFT,GAAACACCGTCATCTGTGCCAC,GIIP16GII16_3_RIGHT,CATTTCCAGCCAGCAGTACCTG,1
Accession|GIIP16_GII16|Amp4.1,4920:6705,1785,GIIP16GII16_4_LEFT,CACGGACCCTCTTTCTACAGTAAA,GIIP13GII13_4_RIGHT,CTGGATCCTTCTACGCCCAT,2
Accession|GIIP16_GII16|Amp4.2,5086:6705,1619,GIIP3GII3_4_LEFT,ATGAAGATGGCGTCGAATGA,GIIP13GII13_4_RIGHT,CTGGATCCTTCTACGCCCAT,2
Accession|GIIP17_GII17|Amp1,9:2135,2126,GIIP17GII17_1_LEFT,TGAATGAAGATGGCGTCTAACGA,GIIP17GII17_1_RIGHT,GCGGTCAAAATTGAAGGTTGGC,1
Accession|GIIP17_GII17|Amp2,1304:3488,2184,GIIP17GII17_2_LEFT,CCTGGCCACATACATGAGGACT,GIIP17GII17_2_RIGHT,CCACAAGGTCATTGCCCCTTTT,2
Accession|GIIP17_GII17|Amp3.1,3004:5090,2086,GIIP17GII17_3_LEFT,GGAGCGTGGATTACAATGAGAGG,GIIP34GIX1_3_RIGHT,AAAACTGGGAGCCAGATTGC,1
Accession|GIIP17_GII17|Amp3.2,3004:5134,2130,GIIP17GII17_3_LEFT,GGAGCGTGGATTACAATGAGAGG,GIIP17GII17_3_RIGHT,CATCATTAGATGGAGCGGCGTC,1
Accession|GIIP17_GII17|Amp4.1,4298:6499,2201,GIIP17GII17_5_LEFT,GACCCAACTGATGATGTGCCAG,GIIP17GII17_5_RIGHT,GCGGCTGTCTGTGTGTGTTAAA,2
Accession|GIIP17_GII17|Amp4.3,5095:6499,1404,GIIP3GII3_4_LEFT,ATGAAGATGGCGTCGAATGA,GIIP17GII17_5_RIGHT,GCGGCTGTCTGTGTGTGTTAAA,2
Accession|GIIP18_GII18|Amp1,4913:5648,735,GIIP18GII18_3_LEFT,ATGGAGATCATGGTTCGCTTC,GIIP18GII18_3_RIGHT,CACCCTCGGGAGCCAGATTG,1
Accession|GIIP18_GII18|Amp2,5681:7342,1661,GIIP18GII18_4_LEFT,GCATCGAATGATGCTACCGCTC,GIIP18GII18_4_RIGHT,CTGATTCCTCCTGCGCCCC,2
Accession|GIIP20_GII20|Amp1.1,6:2043,2037,GIIP17GII17_1_LEFT,TGAATGAAGATGGCGTCTAACGA,GIIP20GII20_1_RIGHT,CCTGGGTGAGAGTCTTCATCGT,1
Accession|GIIP20_GII20|Amp1.2,58:2043,1985,GIIP20GII20_1_LEFT,CCAATGACAGCGTAAATGCACC,GIIP20GII20_1_RIGHT,CCTGGGTGAGAGTCTTCATCGT,1
Accession|GIIP20_GII20|Amp2,1783:3744,1961,GIIP20GII20_2_LEFT,TAACCACTAACCTGGCCAACCC,GIIP20GII20_2_RIGHT,GTGAAGGCCCTTTTTCAACCCT,2
Accession|GIIP20_GII20|Amp3.1,3481:5079,1598,GIIP20GII20_3_LEFT,TAGTAGCTGGAGTCCACACTGC,GIIP18GII18_3_RIGHT,CACCCTCGGGAGCCAGATTG,1
Accession|GIIP20_GII20|Amp3.2,3481:5096,1615,GIIP20GII20_3_LEFT,TAGTAGCTGGAGTCCACACTGC,GIIP11GII11_3_RIGHT,GACGCCATCTTCATTCACACCA,1
Accession|GIIP20_GII20|Amp3.3,3481:5475,1994,GIIP20GII20_3_LEFT,TAGTAGCTGGAGTCCACACTGC,GIIP20GII20_3_RIGHT,CTCAGGAGGAAAATTGGGTGGC,1
Accession|GIIP20_GII20|Amp4.1,4881:6686,1805,GIIP20GII20_4_LEFT,ACTCAGCTCATGGCCCTCTTAG,GIIP20GII20_4_RIGHT,TACTGGATCTCTTCTGCCCGAC,2
Accession|GIIP20_GII20|Amp4.2,4941:6686,1745,GIIP6GII6_4_LEFT,AGGTCAGTAAGATGGTTATCAGTGAGA,GIIP20GII20_4_RIGHT,TACTGGATCTCTTCTGCCCGAC,2
Accession|GIIP20_GII20|Amp4.3,5083:6686,1603,GIIP3GII3_4_LEFT,ATGAAGATGGCGTCGAATGA,GIIP20GII20_4_RIGHT,TACTGGATCTCTTCTGCCCGAC,2
Accession|GIIP21_GII21|Amp1,6:1978,1972,GIIP17GII17_1_LEFT,TGAATGAAGATGGCGTCTAACGA,GIIP21GII21_1_RIGHT,TCAAAACCTCCTTGTGGGGCTA,1
Accession|GIIP21_GII21|Amp2.1,1464:3705,2241,GIIP21GII21_2_LEFT,CGACCGGTCGTTGTGATGATTT,GIIP21GII21_2_RIGHT,AAGCTGGTTCATAGGTTCCGGG,2
Accession|GIIP21_GII21|Amp2.2,1593:3705,2112,GIIPNA3GII4_2_LEFT,CGTTGACCACTGGGATGCATAC,GIIP21GII21_2_RIGHT,AAGCTGGTTCATAGGTTCCGGG,2
Accession|GIIP21_GII21|Amp3.1,2871:5081,2210,GIIP21GII21_3_LEFT,AGACCAACAAGAAAGCAACGCA,GIIP34GIX1_3_RIGHT,AAAACTGGGAGCCAGATTGC,1
Accession|GIIP21_GII21|Amp3.2,2871:5125,2254,GIIP21GII21_3_LEFT,AGACCAACAAGAAAGCAACGCA,GIIP21GII21_3_RIGHT,CATCATTAGATGGAGCGGCGTC,1
Accession|GIIP21_GII21|Amp3.3,3516:5081,1565,GIIP6GII6_3_LEFT,GGAGGCAACACTGTCATCTGTG,GIIP34GIX1_3_RIGHT,AAAACTGGGAGCCAGATTGC,1
Accession|GIIP21_GII21|Amp3.4,3516:5125,1609,GIIP6GII6_3_LEFT,GGAGGCAACACTGTCATCTGTG,GIIP21GII21_3_RIGHT,CATCATTAGATGGAGCGGCGTC,1
Accession|GIIP21_GII21|Amp4.1,4270:6565,2295,GIIP21GII21_4_LEFT,CCAGATACAGATACCATTATGATGCAGA,GIIP21GII21_4_RIGHT,GCCTATGCAGTTTGGCCTCAAA,2
Accession|GIIP21_GII21|Amp4.2,4270:6698,2428,GIIP21GII21_4_LEFT,CCAGATACAGATACCATTATGATGCAGA,GIIP5GII5_4_RIGHT,AAACCTTCTGCGCCCATTC,2
Accession|GIIP21_GII21|Amp4.3,5086:6565,1479,GIIP3GII3_4_LEFT,ATGAAGATGGCGTCGAATGA,GIIP21GII21_4_RIGHT,GCCTATGCAGTTTGGCCTCAAA,2
Accession|GIIP21_GII21|Amp4.4,5086:6698,1612,GIIP3GII3_4_LEFT,ATGAAGATGGCGTCGAATGA,GIIP5GII5_4_RIGHT,AAACCTTCTGCGCCCATTC,2
Accession|GIIP21_GII21|Amp4.5,5695:6565,870,GIIP21GII21_5_LEFT,ACCAGACCTACTCCGGACTTTG,GIIP21GII21_4_RIGHT,GCCTATGCAGTTTGGCCTCAAA,2
Accession|GIIP21_GII21|Amp4.6,5695:6698,1003,GIIP21GII21_5_LEFT,ACCAGACCTACTCCGGACTTTG,GIIP5GII5_4_RIGHT,AAACCTTCTGCGCCCATTC,2
Accession|GIIP22_GII22|Amp1.1,6:2091,2085,GIIP17GII17_1_LEFT,TGAATGAAGATGGCGTCTAACGA,GIIP22GII22_1_RIGHT,TGAGGGAGTGTGTTGTCAGTGT,1
Accession|GIIP22_GII22|Amp1.2,45:2091,2046,GIIP22GII22_1_LEFT,GGCAAAACCAGCACAAACAGTG,GIIP22GII22_1_RIGHT,TGAGGGAGTGTGTTGTCAGTGT,1
Accession|GIIP22_GII22|Amp2,1831:3822,1991,GIIP22GII22_2_LEFT,ATCTGGCTAATCCTGCTCCTCT,GIIP22GII22_2_RIGHT,CGGTGAAGGGCTTGAGTTGATC,2
Accession|GIIP22_GII22|Amp3.1,3220:5439,2219,GIIP40GII4F_3_LEFT,GTGGAGAGTTCTGCAAAATGAGGT,GIIP22GII22_3_RIGHT,CTGTACCTCCATACCACCTGCA,1
Accession|GIIP22_GII22|Amp3.2,3515:5439,1924,GIIP22GII22_3_LEFT,TTGGGTGGTTATAGGGGTGCAT,GIIP22GII22_3_RIGHT,CTGTACCTCCATACCACCTGCA,1
Accession|GIIP22_GII22|Amp3.3,3549:5439,1890,GIIP24GII24_3_LEFT,TAGAGGCGGCAACACAGTGATC,GIIP22GII22_3_RIGHT,CTGTACCTCCATACCACCTGCA,1
Accession|GIIP22_GII22|Amp4.1,4927:6715,1788,GIIP22GII22_4_LEFT,TGATGTCTCTACTAGGGGAGGCA,GIIP22GII22_4_RIGHT,CCATGGGGGCAAGTGAGTAAAA,2
Accession|GIIP22_GII22|Amp4.2,4927:6747,1820,GIIP22GII22_4_LEFT,TGATGTCTCTACTAGGGGAGGCA,GIIP27GII27_4_RIGHT,TTACTGAATCCTTCTGCGCCCG,2
Accession|GIIP22_GII22|Amp4.3,5122:6715,1593,GIIP3GII3_4_LEFT,ATGAAGATGGCGTCGAATGA,GIIP22GII22_4_RIGHT,CCATGGGGGCAAGTGAGTAAAA,2
Accession|GIIP22_GII22|Amp4.4,5122:6747,1625,GIIP3GII3_4_LEFT,ATGAAGATGGCGTCGAATGA,GIIP27GII27_4_RIGHT,TTACTGAATCCTTCTGCGCCCG,2
Accession|GIIP23_GII23|Amp1.1,4926:5643,717,GIIP23GII23_3_LEFT,TTAGATACTCAGCCGAACCAGA,GIIP18GII18_3_RIGHT,CACCCTCGGGAGCCAGATTG,1
Accession|GIIP23_GII23|Amp1.2,4926:5691,765,GIIP23GII23_3_LEFT,TTAGATACTCAGCCGAACCAGA,GIIP17GII17_3_RIGHT,CATCATTAGATGGAGCGGCGTC,1
Accession|GIIP23_GII23|Amp2,5652:7283,1631,GIIP3GII3_4_LEFT,ATGAAGATGGCGTCGAATGA,GIIP27GII27_4_RIGHT,TTACTGAATCCTTCTGCGCCCG,2
Accession|GIIP24_GII24|Amp1,341:2350,2009,GIIP24GII24_1_LEFT,CCCAAATGGTGAGGACATAGTAATCA,GIIP24GII24_1_RIGHT,TGGTCCAGGGTTTTGACTTCCT,1
Accession|GIIP24_GII24|Amp2.1,1947:3889,1942,GIIP26GII26_2_LEFT,CTCACGCCGCATAGACTTCCTT,GIIP24GII24_2_RIGHT,GTGAAGGGCTTAAGCTGTTCCC,2
Accession|GIIP24_GII24|Amp2.2,2079:3889,1810,GIIP24GII24_2_LEFT,GCACCACAAGGAGGATTTGACA,GIIP24GII24_2_RIGHT,GTGAAGGGCTTAAGCTGTTCCC,2
Accession|GIIP24_GII24|Amp3,3617:5660,2043,GIIP24GII24_3_LEFT,TAGAGGCGGCAACACAGTGATC,GIIP24GII24_3_RIGHT,GGAAGGGGAAGTAGGATTGGCT,1
Accession|GIIP24_GII24|Amp4.1,4967:6779,1812,GIIP24GII24_4_LEFT,GATACCACATTCCCAGAGGCCT,GIIP24GII24_4_RIGHT,ATGGGGGCGAGTGAGTAGAATT,2
Accession|GIIP24_GII24|Amp4.2,4967:6806,1839,GIIP24GII24_4_LEFT,GATACCACATTCCCAGAGGCCT,GIIP27GII27_4_RIGHT,TTACTGAATCCTTCTGCGCCCG,2
Accession|GIIP24_GII24|Amp4.3,5186:6779,1593,GIIP3GII3_4_LEFT,ATGAAGATGGCGTCGAATGA,GIIP24GII24_4_RIGHT,ATGGGGGCGAGTGAGTAGAATT,2
Accession|GIIP24_GII24|Amp4.4,5186:6806,1620,GIIP3GII3_4_LEFT,ATGAAGATGGCGTCGAATGA,GIIP27GII27_4_RIGHT,TTACTGAATCCTTCTGCGCCCG,2
Accession|GIIP25_GII25|Amp1.1,395:2336,1941,GIIP25GII25_1_LEFT,ACACCAAACAAGATGATGTGGTTGT,GIIP25GII25_1_RIGHT,TTTATGGTCTCCATGAGCCCGT,1
Accession|GIIP25_GII25|Amp1.2,395:1940,1545,GIIP25GII25_1_LEFT,ACACCAAACAAGATGATGTGGTTGT,GIIP40GII4F_1_RIGHT,AGGAGCAGGATTGGCCAAATTG,1
Accession|GIIP25_GII25|Amp2,2091:3974,1883,GIIP25GII25_2_LEFT,AAAACTTCAACTGGCACCACAAG,GIIP25GII25_2_RIGHT,CAAATGGTCTCTTTGGCAGCCT,2
Accession|GIIP25_GII25|Amp3.1,3314:5546,2232,GIIP40GII4F_3_LEFT,GTGGAGAGTTCTGCAAAATGAGGT,GIIP25GII25_3_RIGHT,CCGCCATCAGAACTTGGACTTC,1
Accession|GIIP25_GII25|Amp3.2,3607:5546,1939,GIIP25GII25_3_LEFT,GATTGGGTGGTCATAGGTGTGC,GIIP25GII25_3_RIGHT,CCGCCATCAGAACTTGGACTTC,1
Accession|GIIP25_GII25|Amp3.3,3765:5546,1781,GIIPNA5GII4_3_LEFT,ACTCAGCACCAAAACCAAGTTCT,GIIP25GII25_3_RIGHT,CCGCCATCAGAACTTGGACTTC,1
Accession|GIIP25_GII25|Amp4.1,5044:6827,1783,GIIP25GII25_4_LEFT,GCACTGCATGGTCCAGCTTTTT,GIIP2GII2_4_RIGHT,GAACCCTTCTACGCCCATTTCC,2
Accession|GIIP25_GII25|Amp4.2,5216:6827,1611,GIIP3GII3_4_LEFT,ATGAAGATGGCGTCGAATGA,GIIP2GII2_4_RIGHT,GAACCCTTCTACGCCCATTTCC,2
Accession|GIIP26_GII26|Amp1.1,358:2186,1828,GIIP26GII26_1_LEFT,AGTATACCAAACAAGGGGACACG,GIIP26GII26_1_RIGHT,CAACCTCTCATGGAGTAGGCCA,1
Accession|GIIP26_GII26|Amp1.2,358:2335,1977,GIIP26GII26_1_LEFT,AGTATACCAAACAAGGGGACACG,GIIP24GII24_1_RIGHT,TGGTCCAGGGTTTTGACTTCCT,1
Accession|GIIP26_GII26|Amp2,1937:3864,1927,GIIP26GII26_2_LEFT,CTCACGCCGCATAGACTTCCTT,GIIP26GII26_2_RIGHT,GTTCCCTCATGACCTGTTGCAG,2
Accession|GIIP26_GII26|Amp3.1,3563:5178,1615,GIIP26GII26_3_LEFT,GAGGGGCAATGATTGGGTTACC,GIIP18GII18_3_RIGHT,CACCCTCGGGAGCCAGATTG,1
Accession|GIIP26_GII26|Amp3.2,3563:5221,1658,GIIP26GII26_3_LEFT,GAGGGGCAATGATTGGGTTACC,GIIP17GII17_3_RIGHT,CATCATTAGATGGAGCGGCGTC,1
Accession|GIIP26_GII26|Amp3.3,3563:5536,1973,GIIP26GII26_3_LEFT,GAGGGGCAATGATTGGGTTACC,GIIP26GII26_3_RIGHT,CTTTACCGGCAGTGAAGGCATT,1
Accession|GIIP26_GII26|Amp3.4,3734:5178,1444,GIIP12GII12_3_LEFT,CAGCACCAAGACTAAATTCTGGAGA,GIIP18GII18_3_RIGHT,CACCCTCGGGAGCCAGATTG,1
Accession|GIIP26_GII26|Amp3.5,3734:5221,1487,GIIP12GII12_3_LEFT,CAGCACCAAGACTAAATTCTGGAGA,GIIP17GII17_3_RIGHT,CATCATTAGATGGAGCGGCGTC,1
Accession|GIIP26_GII26|Amp3.6,3734:5536,1802,GIIP12GII12_3_LEFT,CAGCACCAAGACTAAATTCTGGAGA,GIIP26GII26_3_RIGHT,CTTTACCGGCAGTGAAGGCATT,1
Accession|GIIP26_GII26|Amp4.1,5018:6801,1783,GIIP26GII26_4_LEFT,TGGACCAGCATTCTACAAAAAGGT,GIIP5GII5_4_RIGHT,AAACCTTCTGCGCCCATTC,2
Accession|GIIP26_GII26|Amp4.2,5182:6801,1619,GIIP3GII3_4_LEFT,ATGAAGATGGCGTCGAATGA,GIIP5GII5_4_RIGHT,AAACCTTCTGCGCCCATTC,2
Accession|GIIP27_GII27|Amp1,335:2312,1977,GIIP27GII27_1_LEFT,CAATGGAGAGGACATTGTCATCAAGT,GIIP27GII27_1_RIGHT,GTTGCCTGCCTTTATGGTCTCC,1
Accession|GIIP27_GII27|Amp2.1,2059:3709,1650,GIIP27GII27_2_LEFT,AGTTACAATTGGCACCACAGGG,GIIP2GII2_2_RIGHT,CTAGGATTGGTGCCCCACAGTA,2
Accession|GIIP27_GII27|Amp2.2,2059:3969,1910,GIIP27GII27_2_LEFT,AGTTACAATTGGCACCACAGGG,GIIP27GII27_2_RIGHT,GTGGGTCAATGGTCTGCTCAAG,2
Accession|GIIP27_GII27|Amp3.1,3721:5221,1500,GIIP27GII27_3_LEFT,GCGCTCCAAAACTCAGCACTAA,GIIP17GII17_3_RIGHT,CATCATTAGATGGAGCGGCGTC,1
Accession|GIIP27_GII27|Amp3.2,3721:5662,1941,GIIP27GII27_3_LEFT,GCGCTCCAAAACTCAGCACTAA,GIIP27GII27_3_RIGHT,CATCAGGCAGGGGAATGTTCAC,1
Accession|GIIP27_GII27|Amp4.1,4989:6813,1824,GIIPNA2GIIN_4_LEFT,TAATGTCCCTTCTCGGTGAGGC,GIIP27GII27_4_RIGHT,TTACTGAATCCTTCTGCGCCCG,2
Accession|GIIP27_GII27|Amp4.2,5020:6813,1793,GIIP27GII27_4_LEFT,GGCCCGCATTCTACAAAAAGATT,GIIP27GII27_4_RIGHT,TTACTGAATCCTTCTGCGCCCG,2
Accession|GIIP27_GII27|Amp4.3,5182:6813,1631,GIIP3GII3_4_LEFT,ATGAAGATGGCGTCGAATGA,GIIP27GII27_4_RIGHT,TTACTGAATCCTTCTGCGCCCG,2
Accession|GIIP28_GII4C|Amp1,18:2084,2066,GIIP28GII4C_1_LEFT,TCTAATGACGCTATTGTTGCCGT,GIIP28GII4C_1_RIGHT,CTGCAGCTCAAACTCGTCTAGC,1
Accession|GIIP28_GII4C|Amp2.1,1800:3717,1917,GIIP16GII16_2_LEFT,GTCAACTTTGAGGCCTGTTCCA,GIIP28GII4C_2_RIGHT,TAACTCTTGGATCACGACCCCC,2
Accession|GIIP28_GII4C|Amp2.2,1831:3717,1886,GIIP28GII4C_2_LEFT,ATTTCCTTGTGTATGCCGACGC,GIIP28GII4C_2_RIGHT,TAACTCTTGGATCACGACCCCC,2
Accession|GIIP28_GII4C|Amp3.1,3473:5066,1593,GIIP28GII4C_3_LEFT,TATTGGAGTACACACAGCTGCC,GIIP34GIX1_3_RIGHT,AAAACTGGGAGCCAGATTGC,1
Accession|GIIP28_GII4C|Amp3.2,3473:5324,1851,GIIP28GII4C_3_LEFT,TATTGGAGTACACACAGCTGCC,GIIPNA3GII4_3_RIGHT,GATTCAAATCAGGGCCCAAGGG,1
Accession|GIIP28_GII4C|Amp3.3,3473:5449,1976,GIIP28GII4C_3_LEFT,TATTGGAGTACACACAGCTGCC,GIIP28GII4C_3_RIGHT,AGTTTGGTGGAACTGCTGCAAA,1
Accession|GIIP28_GII4C|Amp3.4,3473:5494,2021,GIIP28GII4C_3_LEFT,TATTGGAGTACACACAGCTGCC,GIIPNA5GII4_3_RIGHT,GGGGGAACATAGTAACCTGGCT,1
Accession|GIIP28_GII4C|Amp4.1,4875:6654,1779,GIIP28GII4C_4_LEFT,CTGATGGCACTTTTGGGTGAGG,GIIP28GII4C_4_RIGHT,CATGGGGGCAAGTGTGTAGAAC,2
Accession|GIIP28_GII4C|Amp4.2,4875:6674,1799,GIIP28GII4C_4_LEFT,CTGATGGCACTTTTGGGTGAGG,GIIP36GII4B_4_RIGHT,CTGCGCCCCGTTCCATTTC,2
Accession|GIIP29_GII4D|Amp1.1,4922:5643,721,GIIP29GII4D_3_LEFT,ATGGTAAAATTCTCTTCAGAACC,GIIP34GIX1_3_RIGHT,AAAACTGGGAGCCAGATTGC,1
Accession|GIIP29_GII4D|Amp1.2,4922:6031,1109,GIIP29GII4D_3_LEFT,ATGGTAAAATTCTCTTCAGAACC,GIIP28GII4C_3_RIGHT,AGTTTGGTGGAACTGCTGCAAA,1
Accession|GIIP29_GII4D|Amp1.3,4922:6078,1156,GIIP29GII4D_3_LEFT,ATGGTAAAATTCTCTTCAGAACC,GIIPNA5GII4_3_RIGHT,GGGGGAACATAGTAACCTGGCT,1
Accession|GIIP29_GII4D|Amp1.4,5153:5643,490,GIIPNA6GII4S_3_LEFT,ATGTATTCCTTCTATGGTGATG,GIIP34GIX1_3_RIGHT,AAAACTGGGAGCCAGATTGC,1
Accession|GIIP29_GII4D|Amp1.5,5153:6031,878,GIIPNA6GII4S_3_LEFT,ATGTATTCCTTCTATGGTGATG,GIIP28GII4C_3_RIGHT,AGTTTGGTGGAACTGCTGCAAA,1
Accession|GIIP29_GII4D|Amp1.6,5153:6078,925,GIIPNA6GII4S_3_LEFT,ATGTATTCCTTCTATGGTGATG,GIIPNA5GII4_3_RIGHT,GGGGGAACATAGTAACCTGGCT,1
Accession|GIIP29_GII4D|Amp2.1,5492:7238,1746,GIIP39GII4A_4_LEFT,GCCCAGCATTCTACAGCAAGAT,GIIP40GII4F_4_RIGHT,GGGGGCAAGTGTGTAGAATTGG,2
Accession|GIIP29_GII4D|Amp2.2,5492:7261,1769,GIIP39GII4A_4_LEFT,GCCCAGCATTCTACAGCAAGAT,GIIP36GII4B_4_RIGHT,CTGCGCCCCGTTCCATTTC,2
Accession|GIIP29_GII4D|Amp2.3,5492:7267,1775,GIIP39GII4A_4_LEFT,GCCCAGCATTCTACAGCAAGAT,GIIP39GII4A_4_RIGHT,TTATAATGCACGTCTACGCCCC,2
Accession|GIIP29_GII4D|Amp2.4,5652:7238,1586,GIIP3GII3_4_LEFT,ATGAAGATGGCGTCGAATGA,GIIP40GII4F_4_RIGHT,GGGGGCAAGTGTGTAGAATTGG,2
Accession|GIIP29_GII4D|Amp2.5,5652:7261,1609,GIIP3GII3_4_LEFT,ATGAAGATGGCGTCGAATGA,GIIP36GII4B_4_RIGHT,CTGCGCCCCGTTCCATTTC,2
Accession|GIIP29_GII4D|Amp2.6,5652:7267,1615,GIIP3GII3_4_LEFT,ATGAAGATGGCGTCGAATGA,GIIP39GII4A_4_RIGHT,TTATAATGCACGTCTACGCCCC,2
Accession|GIIP30_GII4N|Amp1,6:1950,1944,GIIP17GII17_1_LEFT,TGAATGAAGATGGCGTCTAACGA,GIIP30GII4N_1_RIGHT,GCTTGATGTGTGAGAAGTCGGG,1
Accession|GIIP30_GII4N|Amp2,1698:3587,1889,GIIP30GII4N_2_LEFT,ACCTGCCCTTTGACCCTAAACT,GIIP30GII4N_2_RIGHT,TTTGTTATCACCGCCTTCGAGC,2
Accession|GIIP30_GII4N|Amp3.1,3334:5081,1747,GIIP30GII4N_3_LEFT,GCACCCATGCGACTATGAAAATC,GIIP34GIX1_3_RIGHT,AAAACTGGGAGCCAGATTGC,1
Accession|GIIP30_GII4N|Amp3.2,3334:5405,2071,GIIP30GII4N_3_LEFT,GCACCCATGCGACTATGAAAATC,GIIP39GII4A_3_RIGHT,ACCTGCACTTCAAAACCACCTG,1
Accession|GIIP30_GII4N|Amp4.1,4894:6675,1781,GIIP30GII4N_4_LEFT,TGTCTCTTTTGGGTGAAGCAGC,GIIP28GII4C_4_RIGHT,CATGGGGGCAAGTGTGTAGAAC,2
Accession|GIIP30_GII4N|Amp4.2,5086:6675,1589,GIIP3GII3_4_LEFT,ATGAAGATGGCGTCGAATGA,GIIP28GII4C_4_RIGHT,CATGGGGGCAAGTGTGTAGAAC,2
Accession|GIIP31_GII9|Amp1.1,50:2101,2051,GIIP31GII9_1_LEFT,CAGCAACAACGACATCGCAAAA,GIIP31GII9_1_RIGHT,GCTGGGCCTTGCAGTTCATATT,1
Accession|GIIP31_GII9|Amp1.2,50:2230,2180,GIIP31GII9_1_LEFT,CAGCAACAACGACATCGCAAAA,GIIP12GII12_1_RIGHT,TCTGGCATGGTCTTGACATCCT,1
Accession|GIIP31_GII9|Amp2,1839:3898,2059,GIIP31GII9_2_LEFT,GACTTCCTCGTGTACGCAGAAG,GIIP12GII12_2_RIGHT,GCCTGCGCAAATGACCATTTTT,2
Accession|GIIP31_GII9|Amp3.1,3557:5081,1524,GIIP31GII9_3_LEFT,AGAAGCCACACTTGAAGGAGGT,GIIP34GIX1_3_RIGHT,AAAACTGGGAGCCAGATTGC,1
Accession|GIIP31_GII9|Amp3.2,3557:5533,1976,GIIP31GII9_3_LEFT,AGAAGCCACACTTGAAGGAGGT,GIIP31GII9_3_RIGHT,GCCTCACATCAACTACGACGTG,1
Accession|GIIP31_GII9|Amp4.1,4887:6699,1812,GIIP3GII3_4_LEFT,ATGAAGATGGCGTCGAATGA,GIIP31GII9_4_RIGHT,TTATTGGATCCTTCTGCGCCCA,2
Accession|GIIP31_GII9|Amp4.2,5086:6699,1613,GIIP31GII9_4_LEFT,ACAATTGATGTCCTTGCTGGGC,GIIP31GII9_4_RIGHT,TTATTGGATCCTTCTGCGCCCA,2
Accession|GIIP32_GII10|Amp1.1,4923:5648,725,GIIP32GII10_3_LEFT,TGGTAAAGTTTTCAGCAGAGCC,GIIP32GII10_3_RIGHT,CAAGACTGGGAGCAAGATTGC,1
Accession|GIIP32_GII10|Amp1.2,4923:5691,768,GIIP32GII10_3_LEFT,TGGTAAAGTTTTCAGCAGAGCC,GIIP17GII17_3_RIGHT,CATCATTAGATGGAGCGGCGTC,1
Accession|GIIP32_GII10|Amp1.3,4923:5722,799,GIIP32GII10_3_LEFT,TGGTAAAGTTTTCAGCAGAGCC,GIIP2GII2_3_RIGHT,TTGTTACTTTCTGGCACGAGGC,1
Accession|GIIP32_GII10|Amp2,5652:7294,1642,GIIP3GII3_4_LEFT,ATGAAGATGGCGTCGAATGA,GIIP32GII10_4_RIGHT,TGCATTCTTCTGCGCCCACTA,2
Accession|GIIP33_GII14|Amp1.1,9:2204,2195,GIIP33GII14_1_LEFT,AAGATGGCCTCTAACGACGCTT,GIIP33GII14_1_RIGHT,TCCCACTCTCATGGTGTCCATC,1
Accession|GIIP33_GII14|Amp1.2,50:2204,2154,GIIP31GII9_1_LEFT,CAGCAACAACGACATCGCAAAA,GIIP33GII14_1_RIGHT,TCCCACTCTCATGGTGTCCATC,1
Accession|GIIP33_GII14|Amp2,1957:3930,1973,GIIP33GII14_2_LEFT,TAATGTTGGCTCCTCAGGGTGG,GIIP33GII14_2_RIGHT,AGGTTGTTTTGTCGAGGGATGC,2
Accession|GIIP33_GII14|Amp3,3683:5562,1879,GIIP33GII14_3_LEFT,ACTCCCACCTGGCACATATGAA,GIIP33GII14_3_RIGHT,TGGCAGAAGCACTGGTTCTAGT,1
Accession|GIIP33_GII14|Amp4,5092:6702,1610,GIIP3GII3_4_LEFT,ATGAAGATGGCGTCGAATGA,GIIP33GII14_4_RIGHT,TTATTGAATCCTCCTGCGCCCA,2
Accession|GIIP34_GIX1|Amp1,4927:5647,720,GIIP34GIX1_3_LEFT,CAAATTTTCAGCAGGACCAAAC,GIIP34GIX1_3_RIGHT,AAAACTGGGAGCCAGATTGC,1
Accession|GIIP34_GIX1|Amp2,5654:7313,1659,GIIP34GIX1_4_LEFT,GAGGATGGCGTCGAGTGAC,GIIP34GIX1_4_RIGHT,CTCCCTTCTTCTACCCCTGC,2
Accession|GIIP35_GII19|Amp1,4922:5647,725,GIIP35GII19_3_LEFT,ATGGTTAAATTCTCCCCAGAAC,GIIP34GIX1_3_RIGHT,AAAACTGGGAGCCAGATTGC,1
Accession|GIIP35_GII19|Amp2,5652:7297,1645,GIIP3GII3_4_LEFT,ATGAAGATGGCGTCGAATGA,GIIP35GII19_4_RIGHT,TAAACCCTCCTACGCCCAC,2
Accession|GIIP36_GII4B|Amp1.1,4809:5842,1033,GIIP36GII4B_3_LEFT,ATGGTCCTATCATTTTTGAGAAGC,GIIPNA3GII4_3_RIGHT,GATTCAAATCAGGGCCCAAGGG,1
Accession|GIIP36_GII4B|Amp1.2,4809:5907,1098,GIIP36GII4B_3_LEFT,ATGGTCCTATCATTTTTGAGAAGC,GIIP39GII4A_3_RIGHT,ACCTGCACTTCAAAACCACCTG,1
Accession|GIIP36_GII4B|Amp1.3,4809:6017,1208,GIIP36GII4B_3_LEFT,ATGGTCCTATCATTTTTGAGAAGC,GIIPNA5GII4_3_RIGHT,GGGGGAACATAGTAACCTGGCT,1
Accession|GIIP36_GII4B|Amp2,5591:7197,1606,GIIP3GII3_4_LEFT,ATGAAGATGGCGTCGAATGA,GIIP36GII4B_4_RIGHT,CTGCGCCCCGTTCCATTTC,2
Accession|GIIP37_GII4H|Amp1.1,4322:5644,1322,GIIP37GII4H_3_RIGHT,ATGAGGGACCAGCTGAAACC,GIIP34GIX1_3_RIGHT,AAAACTGGGAGCCAGATTGC,1
Accession|GIIP37_GII4H|Amp1.2,4322:5907,1585,GIIP37GII4H_3_RIGHT,ATGAGGGACCAGCTGAAACC,GIIPNA3GII4_3_RIGHT,GATTCAAATCAGGGCCCAAGGG,1
Accession|GIIP37_GII4H|Amp1.3,4322:5968,1646,GIIP37GII4H_3_RIGHT,ATGAGGGACCAGCTGAAACC,GIIP39GII4A_3_RIGHT,ACCTGCACTTCAAAACCACCTG,1
Accession|GIIP37_GII4H|Amp2.1,5649:7235,1586,GIIP3GII3_4_LEFT,ATGAAGATGGCGTCGAATGA,GIIP40GII4F_4_RIGHT,GGGGGCAAGTGTGTAGAATTGG,2
Accession|GIIP37_GII4H|Amp2.2,5649:7271,1622,GIIP3GII3_4_LEFT,ATGAAGATGGCGTCGAATGA,GIIP39GII4A_4_RIGHT,TTATAATGCACGTCTACGCCCC,2
Accession|GIIP38_GII4H|Amp1.1,4922:5648,726,GIIP38GII4H_3_RIGHT,ATGGTCAGGTTCTCTGCTGAG,GIIP18GII18_3_RIGHT,CACCCTCGGGAGCCAGATTG,1
Accession|GIIP38_GII4H|Amp1.2,4922:5910,988,GIIP38GII4H_3_RIGHT,ATGGTCAGGTTCTCTGCTGAG,GIIPNA3GII4_3_RIGHT,GATTCAAATCAGGGCCCAAGGG,1
Accession|GIIP38_GII4H|Amp1.3,4922:5971,1049,GIIP38GII4H_3_RIGHT,ATGGTCAGGTTCTCTGCTGAG,GIIP39GII4A_3_RIGHT,ACCTGCACTTCAAAACCACCTG,1
Accession|GIIP38_GII4H|Amp2,5652:7274,1622,GIIP3GII3_4_LEFT,ATGAAGATGGCGTCGAATGA,GIIP39GII4A_4_RIGHT,TTATAATGCACGTCTACGCCCC,2
Accession|GIIP39_GII4A|Amp1.1,6:1852,1846,GIIP17GII17_1_LEFT,TGAATGAAGATGGCGTCTAACGA,GIIPNA3GII4_1_RIGHT,TACACGAGGAAATCAATGCGCC,1
Accession|GIIP39_GII4A|Amp1.2,6:2137,2131,GIIP17GII17_1_LEFT,TGAATGAAGATGGCGTCTAACGA,GIIP1GII1_1_RIGHT,AGCAAGCACTTTGTTTCGGTCA,1
Accession|GIIP39_GII4A|Amp1.3,6:2237,2231,GIIP17GII17_1_LEFT,TGAATGAAGATGGCGTCTAACGA,GIIP39GII4A_1_RIGHT,CTTGAGCTCTGGCATGGTTCTG,1
Accession|GIIP39_GII4A|Amp1.4,45:1852,1807,GIIP1GII1_1_LEFT,GCTAACAGCAACAACGACACCG,GIIPNA3GII4_1_RIGHT,TACACGAGGAAATCAATGCGCC,1
Accession|GIIP39_GII4A|Amp1.5,45:2137,2092,GIIP1GII1_1_LEFT,GCTAACAGCAACAACGACACCG,GIIP1GII1_1_RIGHT,AGCAAGCACTTTGTTTCGGTCA,1
Accession|GIIP39_GII4A|Amp1.6,45:2237,2192,GIIP1GII1_1_LEFT,GCTAACAGCAACAACGACACCG,GIIP39GII4A_1_RIGHT,CTTGAGCTCTGGCATGGTTCTG,1
Accession|GIIP39_GII4A|Amp2,1977:3812,1835,GIIP39GII4A_2_LEFT,GACAAGAACGGCAATACCCCAC,GIIP39GII4A_2_RIGHT,TGGCTTTGGTTGTTTGCCTCTT,2
Accession|GIIP39_GII4A|Amp3.1,3346:5081,1735,GIIPNA3GII4_3_LEFT,CCATGAAGATCCAAGGTCGCAC,GIIP34GIX1_3_RIGHT,AAAACTGGGAGCCAGATTGC,1
Accession|GIIP39_GII4A|Amp3.2,3346:5405,2059,GIIPNA3GII4_3_LEFT,CCATGAAGATCCAAGGTCGCAC,GIIP39GII4A_3_RIGHT,ACCTGCACTTCAAAACCACCTG,1
Accession|GIIP39_GII4A|Amp3.3,3563:5081,1518,GIIP39GII4A_3_LEFT,CACACTTGAGGGCGGTGATAAC,GIIP34GIX1_3_RIGHT,AAAACTGGGAGCCAGATTGC,1
Accession|GIIP39_GII4A|Amp3.4,3563:5405,1842,GIIP39GII4A_3_LEFT,CACACTTGAGGGCGGTGATAAC,GIIP39GII4A_3_RIGHT,ACCTGCACTTCAAAACCACCTG,1
Accession|GIIP39_GII4A|Amp4.1,4924:6675,1751,GIIP39GII4A_4_LEFT,GCCCAGCATTCTACAGCAAGAT,GIIP28GII4C_4_RIGHT,CATGGGGGCAAGTGTGTAGAAC,2
Accession|GIIP39_GII4A|Amp4.2,4924:6695,1771,GIIP39GII4A_4_LEFT,GCCCAGCATTCTACAGCAAGAT,GIIP36GII4B_4_RIGHT,CTGCGCCCCGTTCCATTTC,2
Accession|GIIP39_GII4A|Amp4.3,4924:6708,1784,GIIP39GII4A_4_LEFT,GCCCAGCATTCTACAGCAAGAT,GIIP39GII4A_4_RIGHT,TTATAATGCACGTCTACGCCCC,2
Accession|GIIP39_GII4A|Amp4.4,5088:6675,1587,GIIP34GIX1_4_LEFT,GAGGATGGCGTCGAGTGAC,GIIP28GII4C_4_RIGHT,CATGGGGGCAAGTGTGTAGAAC,2
Accession|GIIP39_GII4A|Amp4.5,5088:6695,1607,GIIP34GIX1_4_LEFT,GAGGATGGCGTCGAGTGAC,GIIP36GII4B_4_RIGHT,CTGCGCCCCGTTCCATTTC,2
Accession|GIIP39_GII4A|Amp4.6,5088:6708,1620,GIIP34GIX1_4_LEFT,GAGGATGGCGTCGAGTGAC,GIIP39GII4A_4_RIGHT,TTATAATGCACGTCTACGCCCC,2
Accession|GIIP40_GII4F|Amp1.1,6:1850,1844,GIIP17GII17_1_LEFT,TGAATGAAGATGGCGTCTAACGA,GIIP40GII4F_1_RIGHT,AGGAGCAGGATTGGCCAAATTG,1
Accession|GIIP40_GII4F|Amp1.2,45:1850,1805,GIIP22GII22_1_LEFT,GGCAAAACCAGCACAAACAGTG,GIIP40GII4F_1_RIGHT,AGGAGCAGGATTGGCCAAATTG,1
Accession|GIIP40_GII4F|Amp2,1603:3482,1879,GIIP40GII4F_2_LEFT,TCTCAGGTGATCAGAGAGTGGG,GIIP40GII4F_2_RIGHT,ACAGTCTCCAGGAATGGTACCG,2
Accession|GIIP40_GII4F|Amp3,3220:5308,2088,GIIP40GII4F_3_LEFT,GTGGAGAGTTCTGCAAAATGAGGT,GIIPNA3GII4_3_RIGHT,GATTCAAATCAGGGCCCAAGGG,1
Accession|GIIP40_GII4F|Amp4.1,4869:6708,1839,GIIP40GII4F_4_LEFT,CCCAACCATGATGACCCCAATG,GIIP40GII4F_4_RIGHT,GGGGGCAAGTGTGTAGAATTGG,2
Accession|GIIP40_GII4F|Amp4.2,4869:6738,1869,GIIP40GII4F_4_LEFT,CCCAACCATGATGACCCCAATG,GIIP39GII4A_4_RIGHT,TTATAATGCACGTCTACGCCCC,2
Accession|GIIP40_GII4F|Amp4.3,5122:6708,1586,GIIP3GII3_4_LEFT,ATGAAGATGGCGTCGAATGA,GIIP40GII4F_4_RIGHT,GGGGGCAAGTGTGTAGAATTGG,2
Accession|GIIP40_GII4F|Amp4.4,5122:6738,1616,GIIP3GII3_4_LEFT,ATGAAGATGGCGTCGAATGA,GIIP39GII4A_4_RIGHT,TTATAATGCACGTCTACGCCCC,2
Accession|GIIP41_GII4O|Amp1.1,4508:5644,1136,GIIP41GII4O_3_LEFT,ATGCGGAAGAATGAATGTTGG,GIIP34GIX1_3_RIGHT,AAAACTGGGAGCCAGATTGC,1
Accession|GIIP41_GII4O|Amp1.2,4508:5905,1397,GIIP41GII4O_3_LEFT,ATGCGGAAGAATGAATGTTGG,GIIPNA3GII4_3_RIGHT,GATTCAAATCAGGGCCCAAGGG,1
Accession|GIIP41_GII4O|Amp1.3,4508:5968,1460,GIIP41GII4O_3_LEFT,ATGCGGAAGAATGAATGTTGG,GIIP39GII4A_3_RIGHT,ACCTGCACTTCAAAACCACCTG,1
Accession|GIIP41_GII4O|Amp1.4,4508:6030,1522,GIIP41GII4O_3_LEFT,ATGCGGAAGAATGAATGTTGG,GIIP28GII4C_3_RIGHT,AGTTTGGTGGAACTGCTGCAAA,1
Accession|GIIP41_GII4O|Amp1.5,4508:6075,1567,GIIP41GII4O_3_LEFT,ATGCGGAAGAATGAATGTTGG,GIIPNA5GII4_3_RIGHT,GGGGGAACATAGTAACCTGGCT,1
Accession|GIIP41_GII4O|Amp2,5649:7264,1615,GIIP3GII3_4_LEFT,ATGAAGATGGCGTCGAATGA,GIIP39GII4A_4_RIGHT,TTATAATGCACGTCTACGCCCC,2
Accession|GIIPNA1_GIINA1|Amp1,482:2324,1842,GIIPNA1GIIN_1_LEFT,GACATAGTGGTCAAATACACCAGACA,GIIPNA1GIIN_1_RIGHT,CAAGTCTTTCGTGCAGGAGACC,1
Accession|GIIPNA1_GIINA1|Amp2,2074:3960,1886,GIIPNA1GIIN_2_LEFT,CTCCCGGCGTGTTGATTTTCTT,GIIPNA1GIIN_2_RIGHT,CTTGGATCCTTCCCACCCAGAT,2
Accession|GIIPNA1_GIINA1|Amp3.1,3716:5315,1599,GIIPNA1GIIN_3_LEFT,GTTGTCATAGGAGTGCACACCG,GIIP18GII18_3_RIGHT,CACCCTCGGGAGCCAGATTG,1
Accession|GIIPNA1_GIINA1|Amp3.2,3716:5358,1642,GIIPNA1GIIN_3_LEFT,GTTGTCATAGGAGTGCACACCG,GIIP17GII17_3_RIGHT,CATCATTAGATGGAGCGGCGTC,1
Accession|GIIPNA1_GIINA1|Amp3.3,3716:5692,1976,GIIPNA1GIIN_3_LEFT,GTTGTCATAGGAGTGCACACCG,GIIPNA1GIIN_3_RIGHT,GGCACTGCAGCAAAGATGATCT,1
Accession|GIIPNA1_GIINA1|Amp4.1,5155:6915,1760,GIIPNA1GIIN_4_LEFT,TGGGCCAACTTTCTACAAAAAGGT,GIIP22GII22_4_RIGHT,CCATGGGGGCAAGTGAGTAAAA,2
Accession|GIIPNA1_GIINA1|Amp4.2,5155:6938,1783,GIIPNA1GIIN_4_LEFT,TGGGCCAACTTTCTACAAAAAGGT,GIIP5GII5_4_RIGHT,AAACCTTCTGCGCCCATTC,2
Accession|GIIPNA1_GIINA1|Amp4.3,5319:6915,1596,GIIP3GII3_4_LEFT,ATGAAGATGGCGTCGAATGA,GIIP22GII22_4_RIGHT,CCATGGGGGCAAGTGAGTAAAA,2
Accession|GIIPNA1_GIINA1|Amp4.4,5319:6938,1619,GIIP3GII3_4_LEFT,ATGAAGATGGCGTCGAATGA,GIIP5GII5_4_RIGHT,AAACCTTCTGCGCCCATTC,2
Accession|GIIPNA2_GIINA2|Amp1.1,287:2449,2162,GIIP17GII17_1_LEFT,TGAATGAAGATGGCGTCTAACGA,GIIPNA2GIIN_1_RIGHT,GTCTGCAGCCAGCTTCCTAAAG,1
Accession|GIIPNA2_GIINA2|Amp1.2,327:2449,2122,GIIPNA2GIIN_1_LEFT,GCACAACCAGCTCAAACAGTGA,GIIPNA2GIIN_1_RIGHT,GTCTGCAGCCAGCTTCCTAAAG,1
Accession|GIIPNA2_GIINA2|Amp2,2188:4028,1840,GIIPNA2GIIN_2_LEFT,ACCAGACATGTGGAAGGATGCA,GIIPNA2GIIN_2_RIGHT,CTTGTTGTAGTGATGGGCCACC,2
Accession|GIIPNA2_GIINA2|Amp3.1,3748:5397,1649,GIIPNA2GIIN_3_LEFT,TGATTGGGTTGTCATTGGGGTG,GIIP17GII17_3_RIGHT,CATCATTAGATGGAGCGGCGTC,1
Accession|GIIPNA2_GIINA2|Amp3.2,3748:5683,1935,GIIPNA2GIIN_3_LEFT,TGATTGGGTTGTCATTGGGGTG,GIIPNA2GIIN_3_RIGHT,ATGAGCACCTGTACCTCCACTC,1
Accession|GIIPNA2_GIINA2|Amp4.1,5163:6954,1791,GIIP3GII3_4_LEFT,ATGAAGATGGCGTCGAATGA,GIIPNA2GIIN_4_RIGHT,CCATGGGGGCAAGAGAGTAGAA,2
Accession|GIIPNA2_GIINA2|Amp4.2,5358:6954,1596,GIIPNA2GIIN_4_LEFT,TAATGTCCCTTCTCGGTGAGGC,GIIPNA2GIIN_4_RIGHT,CCATGGGGGCAAGAGAGTAGAA,2
Accession|GIIPNA3_GII8|Amp1.1,287:2133,1846,GIIP17GII17_1_LEFT,TGAATGAAGATGGCGTCTAACGA,GIIPNA3GII4_1_RIGHT,TACACGAGGAAATCAATGCGCC,1
Accession|GIIPNA3_GII8|Amp1.2,287:2418,2131,GIIP17GII17_1_LEFT,TGAATGAAGATGGCGTCTAACGA,GIIP1GII1_1_RIGHT,AGCAAGCACTTTGTTTCGGTCA,1
Accession|GIIPNA3_GII8|Amp1.3,326:2133,1807,GIIP1GII1_1_LEFT,GCTAACAGCAACAACGACACCG,GIIPNA3GII4_1_RIGHT,TACACGAGGAAATCAATGCGCC,1
Accession|GIIPNA3_GII8|Amp1.4,326:2418,2092,GIIP1GII1_1_LEFT,GCTAACAGCAACAACGACACCG,GIIP1GII1_1_RIGHT,AGCAAGCACTTTGTTTCGGTCA,1
Accession|GIIPNA3_GII8|Amp2.1,1873:3874,2001,GIIPNA3GII4_2_LEFT,CGTTGACCACTGGGATGCATAC,GIIPNA3GII4_2_RIGHT,AGCACCTTTATTATCCCCGCCT,2
Accession|GIIPNA3_GII8|Amp2.3,1873:4109,2236,GIIPNA3GII4_2_LEFT,CGTTGACCACTGGGATGCATAC,GIIP1GII1_2_RIGHT,CAGCCTCCAACACACTTGGTTT,2
Accession|GIIPNA3_GII8|Amp2.4,2177:3874,1697,GIIP1GII1_2_LEFT,GGCCAACCTGACATGTGGAAAA,GIIPNA3GII4_2_RIGHT,AGCACCTTTATTATCCCCGCCT,2
Accession|GIIPNA3_GII8|Amp2.6,2177:4109,1932,GIIP1GII1_2_LEFT,GGCCAACCTGACATGTGGAAAA,GIIP1GII1_2_RIGHT,CAGCCTCCAACACACTTGGTTT,2
Accession|GIIPNA3_GII8|Amp3.1,3627:5362,1735,GIIPNA3GII4_3_LEFT,CCATGAAGATCCAAGGTCGCAC,GIIP34GIX1_3_RIGHT,AAAACTGGGAGCCAGATTGC,1
Accession|GIIPNA3_GII8|Amp3.2,3916:5362,1446,GIIPNA5GII4_3_LEFT,ACTCAGCACCAAAACCAAGTTCT,GIIP34GIX1_3_RIGHT,AAAACTGGGAGCCAGATTGC,1
Accession|GIIPNA3_GII8|Amp4.1,5205:6900,1695,GIIPNA3GII4_4_LEFT,GCCCAGCGTTCTACAGCAAAAT,GIIP8GII8_4_RIGHT,CGGGGGCGAGAGAGTAAAATTG,2
Accession|GIIPNA3_GII8|Amp4.2,5163:6900,1737,GIIP3GII3_4_LEFT,ATGAAGATGGCGTCGAATGA,GIIP8GII8_4_RIGHT,CGGGGGCGAGAGAGTAAAATTG,2
Accession|GIIPNA4_GII4C|Amp1.1,4605:5291,686,GIIP11GII11_3_LEFT,ATGGTGAAGTTTTCTGCTGAGC,GNA2P1GNA21_3_RIGHT,GAGGTCAGAAAACCGCATCCAG,1
Accession|GIIPNA4_GII4C|Amp1.2,4605:5348,743,GIIP11GII11_3_LEFT,ATGGTGAAGTTTTCTGCTGAGC,GIIP11GII11_3_RIGHT,GACGCCATCTTCATTCACACCA,1
Accession|GIIPNA4_GII4C|Amp1.3,4605:5588,983,GIIP11GII11_3_LEFT,ATGGTGAAGTTTTCTGCTGAGC,GIIPNA3GII4_3_RIGHT,GATTCAAATCAGGGCCCAAGGG,1
Accession|GIIPNA4_GII4C|Amp1.4,4605:5648,1043,GIIP11GII11_3_LEFT,ATGGTGAAGTTTTCTGCTGAGC,GIIP39GII4A_3_RIGHT,ACCTGCACTTCAAAACCACCTG,1
Accession|GIIPNA4_GII4C|Amp1.5,4605:5711,1106,GIIP11GII11_3_LEFT,ATGGTGAAGTTTTCTGCTGAGC,GIIP28GII4C_3_RIGHT,AGTTTGGTGGAACTGCTGCAAA,1
Accession|GIIPNA4_GII4C|Amp1.6,4605:5758,1153,GIIP11GII11_3_LEFT,ATGGTGAAGTTTTCTGCTGAGC,GIIPNA5GII4_3_RIGHT,GGGGGAACATAGTAACCTGGCT,1
Accession|GIIPNA4_GII4C|Amp2.1,5262:6938,1676,GIP10GI1_4_LEFT,TTTGATGCTGATTACACGGCC,GIIP36GII4B_4_RIGHT,CTGCGCCCCGTTCCATTTC,2
Accession|GIIPNA4_GII4C|Amp2.2,5262:6951,1689,GIP10GI1_4_LEFT,TTTGATGCTGATTACACGGCC,GIIPNA4GII4C_4_RIGHT,TTATAAAGCACGCCTGCGC,2
Accession|GIIPNA5_GII4G|Amp1,585:2466,1881,GIIPNA5GII4_1_LEFT,CCACACACAATACCGCCTACAG,GIIP25GII25_1_RIGHT,TTTATGGTCTCCATGAGCCCGT,1
Accession|GIIPNA5_GII4G|Amp2.1,2221:4133,1912,GIIP25GII25_2_LEFT,AAAACTTCAACTGGCACCACAAG,GIIP27GII27_2_RIGHT,GTGGGTCAATGGTCTGCTCAAG,2
Accession|GIIPNA5_GII4G|Amp2.2,2221:4154,1933,GIIP25GII25_2_LEFT,AAAACTTCAACTGGCACCACAAG,GIIPNA5GII4_2_RIGHT,GAGCGTAGGACCATTTTTGGGG,2
Accession|GIIPNA5_GII4G|Amp3.1,3895:5602,1707,GIIPNA5GII4_3_LEFT,ACTCAGCACCAAAACCAAGTTCT,GIIPNA3GII4_3_RIGHT,GATTCAAATCAGGGCCCAAGGG,1
Accession|GIIPNA5_GII4G|Amp3.2,3895:5772,1877,GIIPNA5GII4_3_LEFT,ACTCAGCACCAAAACCAAGTTCT,GIIPNA5GII4_3_RIGHT,GGGGGAACATAGTAACCTGGCT,1
Accession|GIIPNA5_GII4G|Amp4.1,5174:6965,1791,GIIPNA3GII4_4_LEFT,GCCCAGCGTTCTACAGCAAAAT,GIIP39GII4A_4_RIGHT,TTATAATGCACGTCTACGCCCC,2
Accession|GIIPNA5_GII4G|Amp4.2,5346:6965,1619,GIIP3GII3_4_LEFT,ATGAAGATGGCGTCGAATGA,GIIP39GII4A_4_RIGHT,TTATAATGCACGTCTACGCCCC,2
Accession|GIIPNA6_GII8|Amp1,287:5357,5070,GIIP17GII17_1_LEFT,TGAATGAAGATGGCGTCTAACGA,GIIP34GIX1_3_RIGHT,AAAACTGGGAGCCAGATTGC,1
Accession|GIIPNA6_GII8|Amp2,5088:6900,1812,GIP2GI2_4_LEFT,ACAAATCTACTGGACTAGAGGACCC,GIIP8GII8_4_RIGHT,CGGGGGCGAGAGAGTAAAATTG,2
Accession|GIIPNA7_GII8|Amp1,329:2353,2024,GIIPNA7GII8_1_LEFT,ACCAGCAACAACGACATCGAAA,GIIPNA7GII8_1_RIGHT,TCTTTCATGGAGGAGCCCTGAG,1
Accession|GIIPNA7_GII8|Amp2,2092:3895,1803,GIIPNA7GII8_2_LEFT,CAACTTTGAAGCGTGCTCAAGG,GIIPNA7GII8_2_RIGHT,TAGGATCGGTGCACCACAGTAG,2
Accession|GIIPNA7_GII8|Amp3,3615:5362,1747,GIIPNA7GII8_3_LEFT,GCACCCAGGCAACAATGAAGAT,GIIP34GIX1_3_RIGHT,AAAACTGGGAGCCAGATTGC,1
Accession|GIIPNA7_GII8|Amp4,5166:6900,1734,GIIPNA7GII8_4_LEFT,TCCAGCTAATGTCGCTCTTGGG,GIIP8GII8_4_RIGHT,CGGGGGCGAGAGAGTAAAATTG,2
Accession|GIIPNA8_GII8|Amp1,4575:5300,725,GIIPNA8GII8_3_LEFT,ATGGTAAAGTTCTCGCCAGAAC,GIIP34GIX1_3_RIGHT,AAAACTGGGAGCCAGATTGC,1
Accession|GIII1_GIII1|Amp1,292:2257,1965,GIII1_1_LEFT,TGAAGACTTTGACGATATGGATTCTTCC,GIII1_1_RIGHT,GGTGTTACCCATGCAGTCGAAG,1
Accession|GIII1_GIII1|Amp2,2002:3948,1946,GIII1_2_LEFT,GGGTATGACTTTCACATCAGAAGCC,GIII1_2_RIGHT,TCATAAGTGCCAGGTGGGAGAG,2
Accession|GIII1_GIII1|Amp3,3687:5689,2002,GIII1_3_LEFT,CTTTCCCTGGTGACTGTGGTTG,GIII1_3_RIGHT,TTTCCAGCCGAGAAAGCATTCC,1
Accession|GIII1_GIII1|Amp4,5347:7355,2008,GIII1_4_LEFT,CTGACAAGGATGTGCAGGAAGC,GIII1_4_RIGHT,GGTTCACTCCGAGAAAGCCATG,2
Accession|GIII1_GIII1|Amp5,5818:7617,1799,GIII1_5_LEFT,TGCGCAATGTACTTTTTCATCAGG,GIII1_5_RIGHT,AGCACACTGATTGCCCACTAAA,1
Accession|GIII2_GIII2|Amp1,295:2235,1940,GIII2_1_LEFT,AGACTTTGACGACATGGATTCTTCC,GIII2_1_RIGHT,TGGAGGTGGGTGAAGTCCTTTT,1
Accession|GIII2_GIII2|Amp2,1989:3875,1886,GIII2_2_LEFT,CCCCAGTTTCACTCAATTGCGA,GIII2_2_RIGHT,TTATGGGGTGGCCAACATAGGT,2
Accession|GIII2_GIII2|Amp3,3629:5525,1896,GIII2_3_LEFT,GGCAAAGTCATCAATGGCCAGA,GIII2_3_RIGHT,GGCCTGCACAAAATTGGCAAAA,1
Accession|GIII2_GIII2|Amp4,5270:7153,1883,GIII2_4_LEFT,CGCTCCATGTTTGCTTGGATGA,GIII2_4_RIGHT,GAGTGGCATCAGCATCGGAAAA,2
Accession|GIII2_GIII2|Amp5,5798:7597,1799,GIII2_5_LEFT,CCCAGAACCTGTTGAGATGCCT,GIII2_5_RIGHT,AATGCGGAATAGAGGGCAAAAATCA,1
Accession|GIII3_GIII3|Amp2.1,4855:7501,2646,GIII3_3_LEFT,CCACCGATTTGGAATTTGATC,GIII3_3_RIGHT,TCATCTGCCTCGATTTGCG,2
Accession|GIII3_GIII3|Amp2.2,5326:7501,2175,GIII3_4_LEFT,ATGAAGATGAGTGACAAGGAA,GIII3_3_RIGHT,TCATCTGCCTCGATTTGCG,2
Accession|GIV1_GIV1|Amp2.1,5327:6992,1665,GIV1_3_LEFT,ATGAAGATGGCGTCGAGTGA,GIV1_3_RIGHT,TTGAAACCTCACTCTACCCCT,2
Accession|GIV1_GIV1|Amp2.2,5327:7759,2432,GIV1_3_LEFT,ATGAAGATGGCGTCGAGTGA,GIV2_3_RIGHT,CTAGGCATTAGAAGCTCCGC,2
Accession|GIV2_GIV2|Amp1,4602:5330,728,GIV2_3_LEFT,ATGGTTAAATTCTCTGCCGAAC,GVI2_4_RIGHT,CACATACTCGGGAGCGAGATT,1
Accession|GIV2_GIV2|Amp2,5332:7832,2500,GVI2_5_LEFT,ATGAAGATGGCGTCTAGTGA,GIV2_3_RIGHT,CTAGGCATTAGAAGCTCCGC,2
Accession|GIVPNA1_GIVNA1|Amp1.1,287:2320,2033,GIIP17GII17_1_LEFT,TGAATGAAGATGGCGTCTAACGA,GIVPNA1GIVN_1_RIGHT,CCTCCTTTCCACTGCTAATGCG,1
Accession|GIVPNA1_GIVNA1|Amp1.2,338:2320,1982,GIVPNA1GIVN_1_LEFT,GCCACAAACAACGACAAAACCC,GIVPNA1GIVN_1_RIGHT,CCTCCTTTCCACTGCTAATGCG,1
Accession|GIVPNA1_GIVNA1|Amp2,2072:3944,1872,GIVPNA1GIVN_2_LEFT,GCCAGGAGAGTTGACTTCTTGG,GIVPNA1GIVN_2_RIGHT,AAGCAGGCTCATAGGTACCAGG,2
Accession|GIVPNA1_GIVNA1|Amp3,3697:5642,1945,GIVPNA1GIVN_3_LEFT,TGTGTACAAAAGAGGCAACGACT,GIVPNA1GIVN_3_RIGHT,CTCAACCTCTATCCCACCAGCA,1
Accession|GIVPNA1_GIVNA1|Amp4.1,5202:6987,1785,GIVPNA1GIVN_4_LEFT,AGGAGATAAAGAACGGAGGACATGA,GIVPNA1GIVN_4_RIGHT,ATACCACCTTGGATCTACCCCG,2
Accession|GIVPNA1_GIVNA1|Amp4.2,5202:7753,2551,GIVPNA1GIVN_4_LEFT,AGGAGATAAAGAACGGAGGACATGA,GIV2_3_RIGHT,CTAGGCATTAGAAGCTCCGC,2
Accession|GIVPNA1_GIVNA1|Amp4.3,5325:6987,1662,GIIP3GII3_4_LEFT,ATGAAGATGGCGTCGAATGA,GIVPNA1GIVN_4_RIGHT,ATACCACCTTGGATCTACCCCG,2
Accession|GIVPNA1_GIVNA1|Amp4.4,5325:7753,2428,GIIP3GII3_4_LEFT,ATGAAGATGGCGTCGAATGA,GIV2_3_RIGHT,CTAGGCATTAGAAGCTCCGC,2
Accession|GNA1P1_GNA1|Amp1,910:3011,2101,GNA1P1GNA11_1_LEFT,GCCCATCCGCAACATTTTGAAC,GNA1P1GNA11_1_RIGHT,CCAACTCGGCCATCTCAGTTTC,1
Accession|GNA1P1_GNA1|Amp2,2765:4777,2012,GNA1P1GNA11_2_LEFT,TGTGAGACTGAGGATGAGGCAG,GNA1P1GNA11_2_RIGHT,GGCAAGCCCAGTAACTTCAGAC,2
Accession|GNA1P1_GNA1|Amp3,4515:6478,1963,GNA1P1GNA11_3_LEFT,CTGATTACACCGCATGGGACTC,GNA1P1GNA11_3_RIGHT,ACACGTGCTGAAATACGGTCAC,1
Accession|GNA1P1_GNA1|Amp4.1,5155:6938,1783,GNA1P1GNA11_4_LEFT,TTACCGTCAGATTTCCAACCGC,GNA1P1GNA11_4_RIGHT,TTAACGAGCAGGAGCATACCGC,2
Accession|GNA1P1_GNA1|Amp4.2,5312:6938,1626,GIIP34GIX1_4_LEFT,GAGGATGGCGTCGAGTGAC,GNA1P1GNA11_4_RIGHT,TTAACGAGCAGGAGCATACCGC,2
Accession|GNA2P1_GNA2|Amp1,242:2054,1812,GNA2P1GNA21_1_LEFT,CTGCTAGCAGTGCCAAAAACAC,GNA2P1GNA21_1_RIGHT,TGGGGTTAGGTGAGTTGGTTGT,1
Accession|GNA2P1_GNA2|Amp2,1804:3670,1866,GNA2P1GNA21_2_LEFT,CTCCACGCTCGGAAATGACAAA,GNA2P1GNA21_2_RIGHT,CGCTACAACCTTGCCTTGGATT,2
Accession|GNA2P1_GNA2|Amp3.1,3426:5338,1912,GNA2P1GNA21_3_LEFT,AGGGAGTGGAGGAGATGTTTGG,GNA2P1GNA21_3_RIGHT,GAGGTCAGAAAACCGCATCCAG,1
Accession|GNA2P1_GNA2|Amp3.2,3426:5380,1954,GNA2P1GNA21_3_LEFT,AGGGAGTGGAGGAGATGTTTGG,GVI2_4_RIGHT,CACATACTCGGGAGCGAGATT,1
Accession|GNA2P1_GNA2|Amp3.3,3426:5328,1902,GNA2P1GNA21_3_LEFT,AGGGAGTGGAGGAGATGTTTGG,GIP10GI1_4_RIGHT,GAAGCGCATCCAGCGGAACAT,1
Accession|GNA2P1_GNA2|Amp3.4,3815:5338,1523,GIIP6GII6_3_LEFT,GGAGGCAACACTGTCATCTGTG,GNA2P1GNA21_3_RIGHT,GAGGTCAGAAAACCGCATCCAG,1
Accession|GNA2P1_GNA2|Amp3.5,3815:5380,1565,GIIP6GII6_3_LEFT,GGAGGCAACACTGTCATCTGTG,GVI2_4_RIGHT,CACATACTCGGGAGCGAGATT,1
Accession|GNA2P1_GNA2|Amp3.6,3815:5328,1513,GIIP6GII6_3_LEFT,GGAGGCAACACTGTCATCTGTG,GIP10GI1_4_RIGHT,GAAGCGCATCCAGCGGAACAT,1
Accession|GNA2P1_GNA2|Amp4,5088:6946,1858,GNA2P1GNA21_4_LEFT,ACAAGGATTCAATTACCAGACAACTCT,GNA2P1GNA21_4_RIGHT,GGAAAGACTAAGGGGCCCTCAT,2
Accession|GV1_GV1|Amp1,323:2408,2085,GV1_1_LEFT,CGCAACACAGAGAAACGCAAAA,GV1_1_RIGHT,CCTTGTTCTGGAGGCCGAAATC,1
Accession|GV1_GV1|Amp2,2154:4168,2014,GV1_2_LEFT,TGGTTTATGCTGAGAGCCCTGT,GV1_2_RIGHT,GTCCAAGCTCTCACAAGCCTTC,2
Accession|GV1_GV1|Amp3,3894:6200,2306,GV1_3_LEFT,TGAGCACCAAGACCATGTTCTG,GV1_3_RIGHT,AGCATGTGATCTGGGCAGTAGT,1
Accession|GV1_GV1|Amp4,5508:7408,1900,GV1_4_LEFT,AATTTTGTCCAGTGCCCCCTTG,GV1_4_RIGHT,AGTGTAGGTTGGGGTAAAGCCA,2
Accession|GV1_GV1|Amp5,5859:7658,1799,GV1_5_LEFT,CAAGAGGAATCTATGCGCCTGG,GV1_5_RIGHT,GCATCTAACTACCACAAAGAAAAGAAAGC,1
Accession|GV2_GV2|Amp1,412:2543,2131,GV2_1_LEFT,CGCTAAGCCAGAAAAACGCAAC,GV2_1_RIGHT,CATCAAAGTTGTAGACCGGGCC,1
Accession|GV2_GV2|Amp2,2100:4079,1979,GV1_2_LEFT,TGGTTTATGCTGAGAGCCCTGT,GV2_2_RIGHT,CTGGCAGATTGTTTGGCTCAGT,2
Accession|GV2_GV2|Amp3.1,3824:5787,1963,GV2_3_LEFT,GGCTCGCCGTATGTCTACAAGA,GV2_3_RIGHT,TATACATGGCAGCGAGGTGTGA,1
Accession|GV2_GV2|Amp3.2,3896:5787,1891,GIIP6GII6_3_LEFT,GGAGGCAACACTGTCATCTGTG,GV2_3_RIGHT,TATACATGGCAGCGAGGTGTGA,1
Accession|GV2_GV2|Amp4.1,5536:7453,1917,GV2_4_LEFT,GCGAAGGCTCAAATCTTGTTCC,GV2_4_RIGHT,CATCCTCACAGCATCTGCCTTG,2
Accession|GV2_GV2|Amp4.2,5661:7453,1792,GV1_4_LEFT,AATTTTGTCCAGTGCCCCCTTG,GV2_4_RIGHT,CATCCTCACAGCATCTGCCTTG,2
Accession|GV2_GV2|Amp5,6077:7876,1799,GV2_5_LEFT,TGAAAGCTTTGTGGTGTCTGGG,GV2_5_RIGHT,AACTACTTAAAGTTAAAAGGGATAGGGGA,1
Accession|GVI1_GVI1|Amp1,4755:5306,551,GVI1_3_LEFT,ATGTCGGAGGCGTGTG,GVI2_4_RIGHT,CACATACTCGGGAGCGAGATT,1
Accession|GVI1_GVI1|Amp2,5308:7894,2586,GVI2_4_LEFT,ATGAAGATGGCGTCTAATGACG,GVI1_3_RIGHT,TAAGCGTTGGACTCGCCTC,2
Accession|GVI2_GVI2|Amp2.1,4793:7882,3089,GVI2_3_LEFT,ATGGCAGAGGCTTGTGATTT,GVI2_3_RIGHT,TCAAGCGTTGGACTCACC,2
Accession|GVI2_GVI2|Amp2.2,5346:7882,2536,GVI2_4_LEFT,ATGAAGATGGCGTCTAATGACG,GVI2_3_RIGHT,TCAAGCGTTGGACTCACC,2
Accession|GVII_GVII|Amp1,287:2396,2109,GVII_1_LEFT,ATGATGATGGCGTCTAACGAC,GVII_1_RIGHT,TATAAGTCTTCACGGGCCCCTG,1
Accession|GVII_GVII|Amp2,2152:4117,1965,GVII_2_LEFT,CGTTGAACAGGCTAAGCGCAAT,GVII_2_RIGHT,CGTCTGGTCGAGGACATTCTCT,2
Accession|GVII_GVII|Amp3,3733:5874,2141,GVII_3_LEFT,GTATGTTGTCATCGGAGTCCACG,GVII_3_RIGHT,TCTGTATGGTTGGGGTGGGATC,1
Accession|GVII_GVII|Amp4.1,5348:7731,2383,GIIP34GIX1_4_LEFT,GAGGATGGCGTCGAGTGAC,GVII_5_RIGHT,GGCATCCTCCTAGAAGAAGGCT,2
Accession|GVII_GVII|Amp4.2,5618:7731,2113,GVII_4_LEFT,GTCCCGCATGTATAATGCCTGG,GVII_5_RIGHT,GGCATCCTCCTAGAAGAAGGCT,2
Accession|GX1_GX1|Amp1,1293:3284,1991,GXP1GX1_1_LEFT,TTTCTCGCAGCGCTTTTACCAA,GXP1GX1_1_RIGHT,TACCCTCTTGTCATCAGCCCAG,1
Accession|GX1_GX1|Amp2,3024:4979,1955,GXP1GX1_2_LEFT,CGTGGCGGCAAGTACTCAATAC,GXP1GX1_2_RIGHT,TTTGTCTGGCCTAGTTGGGACA,2
Accession|GX1_GX1|Amp3,4720:6535,1815,GXP1GX1_3_LEFT,GTGACTTCTTAGTGCAGGTGGC,GXP1GX1_3_RIGHT,CTTGCATCGTGACCTCAGAACC,1
Accession|GX1_GX1|Amp4,5119:6957,1838,GXP1GX1_4_LEFT,CCAACCATCAGGACCCAGATGA,GXP1GX1_4_RIGHT,AGGGGTCAACTGGTAGAAGACG,2
